2025-11-08 14:20:58 - vasttamsserver.flows.service:329:get_flows - ERROR - Failed to get flows: 'str' object has no attribute 'get'
2025-11-08 14:20:58 - vasttamsserver.flows.router:72:list_flows - ERROR - Failed to list flows: 500: Internal server error
2025-11-08 14:20:58 - vasttamsserver.main:295:http_exception_handler - ERROR - HTTP Exception: 500 - Internal server error
2025-11-08 14:21:01 - vasttamsserver.core.utils:390:log_pydantic_validation_error - ERROR - ================================================================================
2025-11-08 14:21:01 - vasttamsserver.core.utils:391:log_pydantic_validation_error - ERROR - PYDANTIC VALIDATION ERROR
2025-11-08 14:21:01 - vasttamsserver.core.utils:392:log_pydantic_validation_error - ERROR - ================================================================================
2025-11-08 14:21:01 - vasttamsserver.core.utils:393:log_pydantic_validation_error - ERROR - Context: PUT /flows/27c979d4-89b9-43ae-883b-d419b42b8707/flow_collection
2025-11-08 14:21:01 - vasttamsserver.core.utils:395:log_pydantic_validation_error - ERROR - Model: Request
2025-11-08 14:21:01 - vasttamsserver.core.utils:396:log_pydantic_validation_error - ERROR - Error Count: 1
2025-11-08 14:21:01 - vasttamsserver.core.utils:397:log_pydantic_validation_error - ERROR - ----------------------------------------
2025-11-08 14:21:01 - vasttamsserver.core.utils:400:log_pydantic_validation_error - ERROR -   • Field 'body': Input should be a valid list (got: {'collection_id': 'd4c47e30-4d16-4109-b3e8-bea2923c9c52'}, type: list_type)
2025-11-08 14:21:01 - vasttamsserver.core.utils:403:log_pydantic_validation_error - ERROR - ----------------------------------------
2025-11-08 14:21:01 - vasttamsserver.core.utils:404:log_pydantic_validation_error - ERROR - Input Data:
2025-11-08 14:21:01 - vasttamsserver.core.utils:418:log_pydantic_validation_error - ERROR - {
  "collection_id": "d4c47e30-4d16-4109-b3e8-bea2923c9c52"
}
2025-11-08 14:21:01 - vasttamsserver.core.utils:423:log_pydantic_validation_error - ERROR - ----------------------------------------
2025-11-08 14:21:01 - vasttamsserver.core.utils:424:log_pydantic_validation_error - ERROR - Raw Pydantic Error:
2025-11-08 14:21:01 - vasttamsserver.core.utils:427:log_pydantic_validation_error - ERROR - Error type: RequestValidationError
2025-11-08 14:21:01 - vasttamsserver.core.utils:428:log_pydantic_validation_error - ERROR - Error message: [{'type': 'list_type', 'loc': ('body',), 'msg': 'Input should be a valid list', 'input': {'collection_id': 'd4c47e30-4d16-4109-b3e8-bea2923c9c52'}}]
2025-11-08 14:21:01 - vasttamsserver.core.utils:431:log_pydantic_validation_error - ERROR - Error 0: {'type': 'list_type', 'loc': ('body',), 'msg': 'Input should be a valid list', 'input': {'collection_id': 'd4c47e30-4d16-4109-b3e8-bea2923c9c52'}}
2025-11-08 14:21:01 - vasttamsserver.core.utils:435:log_pydantic_validation_error - ERROR - ================================================================================
2025-11-08 14:21:11 - vasttamsserver.flows.service:329:get_flows - ERROR - Failed to get flows: 'str' object has no attribute 'get'
2025-11-08 14:21:11 - vasttamsserver.flows.router:72:list_flows - ERROR - Failed to list flows: 500: Internal server error
2025-11-08 14:21:11 - vasttamsserver.main:295:http_exception_handler - ERROR - HTTP Exception: 500 - Internal server error
2025-11-08 14:21:14 - vasttamsserver.core.utils:390:log_pydantic_validation_error - ERROR - ================================================================================
2025-11-08 14:21:14 - vasttamsserver.core.utils:391:log_pydantic_validation_error - ERROR - PYDANTIC VALIDATION ERROR
2025-11-08 14:21:14 - vasttamsserver.core.utils:392:log_pydantic_validation_error - ERROR - ================================================================================
2025-11-08 14:21:14 - vasttamsserver.core.utils:393:log_pydantic_validation_error - ERROR - Context: PUT /flows/a0275e73-74e2-4692-8a03-9a6289737a11/flow_collection
2025-11-08 14:21:14 - vasttamsserver.core.utils:395:log_pydantic_validation_error - ERROR - Model: Request
2025-11-08 14:21:14 - vasttamsserver.core.utils:396:log_pydantic_validation_error - ERROR - Error Count: 1
2025-11-08 14:21:14 - vasttamsserver.core.utils:397:log_pydantic_validation_error - ERROR - ----------------------------------------
2025-11-08 14:21:14 - vasttamsserver.core.utils:400:log_pydantic_validation_error - ERROR -   • Field 'body': Input should be a valid list (got: {'collection_id': '0c83bf5e-862c-4237-babb-689fd3564b9f'}, type: list_type)
2025-11-08 14:21:14 - vasttamsserver.core.utils:403:log_pydantic_validation_error - ERROR - ----------------------------------------
2025-11-08 14:21:14 - vasttamsserver.core.utils:404:log_pydantic_validation_error - ERROR - Input Data:
2025-11-08 14:21:14 - vasttamsserver.core.utils:418:log_pydantic_validation_error - ERROR - {
  "collection_id": "0c83bf5e-862c-4237-babb-689fd3564b9f"
}
2025-11-08 14:21:14 - vasttamsserver.core.utils:423:log_pydantic_validation_error - ERROR - ----------------------------------------
2025-11-08 14:21:14 - vasttamsserver.core.utils:424:log_pydantic_validation_error - ERROR - Raw Pydantic Error:
2025-11-08 14:21:14 - vasttamsserver.core.utils:427:log_pydantic_validation_error - ERROR - Error type: RequestValidationError
2025-11-08 14:21:14 - vasttamsserver.core.utils:428:log_pydantic_validation_error - ERROR - Error message: [{'type': 'list_type', 'loc': ('body',), 'msg': 'Input should be a valid list', 'input': {'collection_id': '0c83bf5e-862c-4237-babb-689fd3564b9f'}}]
2025-11-08 14:21:14 - vasttamsserver.core.utils:431:log_pydantic_validation_error - ERROR - Error 0: {'type': 'list_type', 'loc': ('body',), 'msg': 'Input should be a valid list', 'input': {'collection_id': '0c83bf5e-862c-4237-babb-689fd3564b9f'}}
2025-11-08 14:21:14 - vasttamsserver.core.utils:435:log_pydantic_validation_error - ERROR - ================================================================================
2025-11-08 14:21:27 - vasttamsserver.core.utils:390:log_pydantic_validation_error - ERROR - ================================================================================
2025-11-08 14:21:27 - vasttamsserver.core.utils:391:log_pydantic_validation_error - ERROR - PYDANTIC VALIDATION ERROR
2025-11-08 14:21:27 - vasttamsserver.core.utils:392:log_pydantic_validation_error - ERROR - ================================================================================
2025-11-08 14:21:27 - vasttamsserver.core.utils:393:log_pydantic_validation_error - ERROR - Context: PUT /flows/0096b386-5b62-409d-a3b4-0713e1c33c81/flow_collection
2025-11-08 14:21:27 - vasttamsserver.core.utils:395:log_pydantic_validation_error - ERROR - Model: Request
2025-11-08 14:21:27 - vasttamsserver.core.utils:396:log_pydantic_validation_error - ERROR - Error Count: 1
2025-11-08 14:21:27 - vasttamsserver.core.utils:397:log_pydantic_validation_error - ERROR - ----------------------------------------
2025-11-08 14:21:27 - vasttamsserver.core.utils:400:log_pydantic_validation_error - ERROR -   • Field 'body': Input should be a valid list (got: {'collection_id': '58e05267-8a73-437a-9a9b-c40c2c0d3544'}, type: list_type)
2025-11-08 14:21:27 - vasttamsserver.core.utils:403:log_pydantic_validation_error - ERROR - ----------------------------------------
2025-11-08 14:21:27 - vasttamsserver.core.utils:404:log_pydantic_validation_error - ERROR - Input Data:
2025-11-08 14:21:27 - vasttamsserver.core.utils:418:log_pydantic_validation_error - ERROR - {
  "collection_id": "58e05267-8a73-437a-9a9b-c40c2c0d3544"
}
2025-11-08 14:21:27 - vasttamsserver.core.utils:423:log_pydantic_validation_error - ERROR - ----------------------------------------
2025-11-08 14:21:27 - vasttamsserver.core.utils:424:log_pydantic_validation_error - ERROR - Raw Pydantic Error:
2025-11-08 14:21:27 - vasttamsserver.core.utils:427:log_pydantic_validation_error - ERROR - Error type: RequestValidationError
2025-11-08 14:21:27 - vasttamsserver.core.utils:428:log_pydantic_validation_error - ERROR - Error message: [{'type': 'list_type', 'loc': ('body',), 'msg': 'Input should be a valid list', 'input': {'collection_id': '58e05267-8a73-437a-9a9b-c40c2c0d3544'}}]
2025-11-08 14:21:27 - vasttamsserver.core.utils:431:log_pydantic_validation_error - ERROR - Error 0: {'type': 'list_type', 'loc': ('body',), 'msg': 'Input should be a valid list', 'input': {'collection_id': '58e05267-8a73-437a-9a9b-c40c2c0d3544'}}
2025-11-08 14:21:27 - vasttamsserver.core.utils:435:log_pydantic_validation_error - ERROR - ================================================================================
2025-11-08 14:22:57 - vastdbmanager.trino.client:122:execute_sql - ERROR - Error executing Trino SQL: TrinoUserError(type=USER_ERROR, name=TYPE_MISMATCH, message="line 1:212: Cannot apply operator: json = integer", query_id=20251108_192257_06789_7tncr)
2025-11-08 14:22:57 - vastdbmanager.trino.sql_executor:67:execute - ERROR - Error executing SQL: TrinoUserError(type=USER_ERROR, name=TYPE_MISMATCH, message="line 1:212: Cannot apply operator: json = integer", query_id=20251108_192257_06789_7tncr)
2025-11-08 14:22:57 - vastdbmanager.trino.query_builder:238:execute - ERROR - Error executing query: TrinoUserError(type=USER_ERROR, name=TYPE_MISMATCH, message="line 1:212: Cannot apply operator: json = integer", query_id=20251108_192257_06789_7tncr)
2025-11-08 14:22:57 - vasttamsserver.flows.service:336:get_flows - ERROR - Failed to get flows: TrinoUserError(type=USER_ERROR, name=TYPE_MISMATCH, message="line 1:212: Cannot apply operator: json = integer", query_id=20251108_192257_06789_7tncr)
2025-11-08 14:22:57 - vasttamsserver.flows.router:72:list_flows - ERROR - Failed to list flows: 500: Internal server error
2025-11-08 14:22:57 - vasttamsserver.main:295:http_exception_handler - ERROR - HTTP Exception: 500 - Internal server error
2025-11-08 14:23:10 - vastdbmanager.trino.client:122:execute_sql - ERROR - Error executing Trino SQL: TrinoUserError(type=USER_ERROR, name=TYPE_MISMATCH, message="line 1:212: Cannot apply operator: json = integer", query_id=20251108_192310_06805_7tncr)
2025-11-08 14:23:10 - vastdbmanager.trino.sql_executor:67:execute - ERROR - Error executing SQL: TrinoUserError(type=USER_ERROR, name=TYPE_MISMATCH, message="line 1:212: Cannot apply operator: json = integer", query_id=20251108_192310_06805_7tncr)
2025-11-08 14:23:10 - vastdbmanager.trino.query_builder:238:execute - ERROR - Error executing query: TrinoUserError(type=USER_ERROR, name=TYPE_MISMATCH, message="line 1:212: Cannot apply operator: json = integer", query_id=20251108_192310_06805_7tncr)
2025-11-08 14:23:10 - vasttamsserver.flows.service:336:get_flows - ERROR - Failed to get flows: TrinoUserError(type=USER_ERROR, name=TYPE_MISMATCH, message="line 1:212: Cannot apply operator: json = integer", query_id=20251108_192310_06805_7tncr)
2025-11-08 14:23:10 - vasttamsserver.flows.router:72:list_flows - ERROR - Failed to list flows: 500: Internal server error
2025-11-08 14:23:10 - vasttamsserver.main:295:http_exception_handler - ERROR - HTTP Exception: 500 - Internal server error
2025-11-08 14:23:38 - vastdbmanager.trino.client:122:execute_sql - ERROR - Error executing Trino SQL: TrinoUserError(type=USER_ERROR, name=TYPE_MISMATCH, message="line 1:278: Cannot apply operator: json = integer", query_id=20251108_192338_06812_7tncr)
2025-11-08 14:23:38 - vastdbmanager.trino.sql_executor:67:execute - ERROR - Error executing SQL: TrinoUserError(type=USER_ERROR, name=TYPE_MISMATCH, message="line 1:278: Cannot apply operator: json = integer", query_id=20251108_192338_06812_7tncr)
2025-11-08 14:23:38 - vastdbmanager.trino.query_builder:238:execute - ERROR - Error executing query: TrinoUserError(type=USER_ERROR, name=TYPE_MISMATCH, message="line 1:278: Cannot apply operator: json = integer", query_id=20251108_192338_06812_7tncr)
2025-11-08 14:23:38 - vasttamsserver.flows.service:337:get_flows - ERROR - Failed to get flows: TrinoUserError(type=USER_ERROR, name=TYPE_MISMATCH, message="line 1:278: Cannot apply operator: json = integer", query_id=20251108_192338_06812_7tncr)
2025-11-08 14:23:38 - vasttamsserver.flows.router:72:list_flows - ERROR - Failed to list flows: 500: Internal server error
2025-11-08 14:23:38 - vasttamsserver.main:295:http_exception_handler - ERROR - HTTP Exception: 500 - Internal server error
2025-11-08 14:23:45 - vastdbmanager.trino.client:122:execute_sql - ERROR - Error executing Trino SQL: TrinoUserError(type=USER_ERROR, name=TYPE_MISMATCH, message="line 1:278: Cannot apply operator: json = integer", query_id=20251108_192345_06815_7tncr)
2025-11-08 14:23:45 - vastdbmanager.trino.sql_executor:67:execute - ERROR - Error executing SQL: TrinoUserError(type=USER_ERROR, name=TYPE_MISMATCH, message="line 1:278: Cannot apply operator: json = integer", query_id=20251108_192345_06815_7tncr)
2025-11-08 14:23:45 - vastdbmanager.trino.query_builder:238:execute - ERROR - Error executing query: TrinoUserError(type=USER_ERROR, name=TYPE_MISMATCH, message="line 1:278: Cannot apply operator: json = integer", query_id=20251108_192345_06815_7tncr)
2025-11-08 14:23:45 - vasttamsserver.flows.service:337:get_flows - ERROR - Failed to get flows: TrinoUserError(type=USER_ERROR, name=TYPE_MISMATCH, message="line 1:278: Cannot apply operator: json = integer", query_id=20251108_192345_06815_7tncr)
2025-11-08 14:23:45 - vasttamsserver.flows.router:72:list_flows - ERROR - Failed to list flows: 500: Internal server error
2025-11-08 14:23:45 - vasttamsserver.main:295:http_exception_handler - ERROR - HTTP Exception: 500 - Internal server error
2025-11-08 14:24:16 - vasttamsserver.flows.service:337:get_flows - ERROR - Failed to get flows: 'str' object has no attribute 'get'
2025-11-08 14:24:16 - vasttamsserver.flows.router:72:list_flows - ERROR - Failed to list flows: 500: Internal server error
2025-11-08 14:24:16 - vasttamsserver.main:295:http_exception_handler - ERROR - HTTP Exception: 500 - Internal server error
2025-11-08 14:24:23 - vasttamsserver.flows.service:337:get_flows - ERROR - Failed to get flows: 'str' object has no attribute 'get'
2025-11-08 14:24:23 - vasttamsserver.flows.router:72:list_flows - ERROR - Failed to list flows: 500: Internal server error
2025-11-08 14:24:23 - vasttamsserver.main:295:http_exception_handler - ERROR - HTTP Exception: 500 - Internal server error
2025-11-08 14:24:54 - vasttamsserver.flows.service:344:get_flows - ERROR - Failed to get flows: 'str' object has no attribute 'get'
2025-11-08 14:24:54 - vasttamsserver.flows.router:72:list_flows - ERROR - Failed to list flows: 500: Internal server error
2025-11-08 14:24:54 - vasttamsserver.main:295:http_exception_handler - ERROR - HTTP Exception: 500 - Internal server error
2025-11-08 14:25:15 - vasttamsserver.flows.service:345:get_flows - ERROR - Failed to get flows: 'str' object has no attribute 'get'
Traceback (most recent call last):
  File "/Users/jesse.thaloor/Developer/github/bbctams/src/server/vasttamsserver/flows/service.py", line 337, in get_flows
    flow_class = _get_flow_class(flow_data.get('format', 'urn:x-nmos:format:video'))
                                 ^^^^^^^^^^^^^
AttributeError: 'str' object has no attribute 'get'

2025-11-08 14:25:15 - vasttamsserver.flows.router:72:list_flows - ERROR - Failed to list flows: 500: Internal server error
2025-11-08 14:25:15 - vasttamsserver.main:295:http_exception_handler - ERROR - HTTP Exception: 500 - Internal server error
2025-11-08 14:26:41 - vasttamsserver.common.storage.table_initializer:248:verify_tables_exist - ERROR - Error verifying tables: Database error
2025-11-08 14:26:41 - vasttamsserver.common.storage.table_initializer:80:initialize_all_tables - ERROR - ❌ Error initializing table sources: Table creation failed: sources table initialization error
2025-11-08 14:26:41 - vasttamsserver.common.storage.table_initializer:117:_create_table_with_projections - ERROR - No schema found for table: nonexistent
2025-11-08 14:26:41 - vasttamsserver.core.tams_errors:214:_log_error - CRITICAL - TAMS Compliance Error: VALIDATION_ERROR - Critical error [Error: reason=Test validation failure]
2025-11-08 14:26:41 - vasttamsserver.common.storage.table_initializer:149:_create_table_with_projections - ERROR - Failed to create table: sources
2025-11-08 14:26:41 - vasttamsserver.core.tams_errors:214:_log_error - CRITICAL - TAMS Compliance Error: VALIDATION_ERROR - Critical error [Error: reason=Test validation failure]
2025-11-08 14:26:51 - vasttamsserver.auth.router:136:reload_auth_providers - ERROR - Failed to reload auth providers: 500: Auth manager not initialized
2025-11-08 14:26:51 - vasttamsserver.main:295:http_exception_handler - ERROR - HTTP Exception: 500 - Internal server error
2025-11-08 14:26:51 - vasttamsserver.auth.router:136:reload_auth_providers - ERROR - Failed to reload auth providers: 500: Auth manager not initialized
2025-11-08 14:26:51 - vasttamsserver.main:295:http_exception_handler - ERROR - HTTP Exception: 500 - Internal server error
2025-11-08 14:26:56 - vasttamsserver.common.storage.table_initializer:80:initialize_all_tables - ERROR - ❌ Error initializing table sources: Table creation failed: sources table initialization error
2025-11-08 14:26:56 - vasttamsserver.common.storage.table_initializer:117:_create_table_with_projections - ERROR - No schema found for table: nonexistent
2025-11-08 14:26:56 - vasttamsserver.common.storage.table_initializer:149:_create_table_with_projections - ERROR - Failed to create table: sources
2025-11-08 14:26:56 - vasttamsserver.common.storage.table_initializer:248:verify_tables_exist - ERROR - Error verifying tables: Database error
2025-11-08 14:26:57 - vasttamsserver.core.tams_errors:214:_log_error - CRITICAL - TAMS Compliance Error: VALIDATION_ERROR - Critical error [Error: reason=Test validation failure]
2025-11-08 14:26:57 - vasttamsserver.core.tams_errors:214:_log_error - CRITICAL - TAMS Compliance Error: VALIDATION_ERROR - Critical error [Error: reason=Test validation failure]
2025-11-08 14:28:53 - vasttamsserver.segments.service:210:create_flow_segment - ERROR - Cannot create segment for flow dc01e428-8215-404e-bb48-4964a235f24f: object 813215b6-df3b-4ddd-8ee9-30fd30cf8f90 does not exist. Objects must be created via POST /flows/{flowId}/storage before segments can reference them.
2025-11-08 14:28:53 - vasttamsserver.segments.service:306:create_flow_segment - ERROR - Failed to create flow segment: 404: Object 813215b6-df3b-4ddd-8ee9-30fd30cf8f90 not found. Objects must be allocated via POST /flows/{flowId}/storage before segments can reference them.
2025-11-08 14:28:53 - vasttamsserver.main:295:http_exception_handler - ERROR - HTTP Exception: 500 - Internal server error
2025-11-08 14:29:30 - vasttamsserver.auth.router:136:reload_auth_providers - ERROR - Failed to reload auth providers: 500: Auth manager not initialized
2025-11-08 14:29:30 - vasttamsserver.main:295:http_exception_handler - ERROR - HTTP Exception: 500 - Internal server error
2025-11-08 14:29:47 - vasttamsserver.flows.service:708:create_flow - ERROR - VFR validation error creating flow: If vfr=True, frame_rate MUST NOT be set
2025-11-08 14:29:52 - vasttamsserver.flows.service:708:create_flow - ERROR - VFR validation error creating flow: If vfr=False or omitted, frame_rate MUST be set
2025-11-08 14:30:13 - vasttamsserver.core.utils:390:log_pydantic_validation_error - ERROR - ================================================================================
2025-11-08 14:30:13 - vasttamsserver.core.utils:391:log_pydantic_validation_error - ERROR - PYDANTIC VALIDATION ERROR
2025-11-08 14:30:13 - vasttamsserver.core.utils:392:log_pydantic_validation_error - ERROR - ================================================================================
2025-11-08 14:30:13 - vasttamsserver.core.utils:393:log_pydantic_validation_error - ERROR - Context: POST /users
2025-11-08 14:30:13 - vasttamsserver.core.utils:395:log_pydantic_validation_error - ERROR - Model: Request
2025-11-08 14:30:13 - vasttamsserver.core.utils:396:log_pydantic_validation_error - ERROR - Error Count: 1
2025-11-08 14:30:13 - vasttamsserver.core.utils:397:log_pydantic_validation_error - ERROR - ----------------------------------------
2025-11-08 14:30:13 - vasttamsserver.core.utils:400:log_pydantic_validation_error - ERROR -   • Field 'body -> role': Input should be 'admin', 'editor' or 'viewer' (got: invalid_role, type: enum)
2025-11-08 14:30:13 - vasttamsserver.core.utils:403:log_pydantic_validation_error - ERROR - ----------------------------------------
2025-11-08 14:30:13 - vasttamsserver.core.utils:404:log_pydantic_validation_error - ERROR - Input Data:
2025-11-08 14:30:13 - vasttamsserver.core.utils:418:log_pydantic_validation_error - ERROR - {
  "username": "testuser_c4a75eed",
  "password": "testpassword123",
  "role": "invalid_role"
}
2025-11-08 14:30:13 - vasttamsserver.core.utils:423:log_pydantic_validation_error - ERROR - ----------------------------------------
2025-11-08 14:30:13 - vasttamsserver.core.utils:424:log_pydantic_validation_error - ERROR - Raw Pydantic Error:
2025-11-08 14:30:13 - vasttamsserver.core.utils:427:log_pydantic_validation_error - ERROR - Error type: RequestValidationError
2025-11-08 14:30:13 - vasttamsserver.core.utils:428:log_pydantic_validation_error - ERROR - Error message: [{'type': 'enum', 'loc': ('body', 'role'), 'msg': "Input should be 'admin', 'editor' or 'viewer'", 'input': 'invalid_role', 'ctx': {'expected': "'admin', 'editor' or 'viewer'"}}]
2025-11-08 14:30:13 - vasttamsserver.core.utils:431:log_pydantic_validation_error - ERROR - Error 0: {'type': 'enum', 'loc': ('body', 'role'), 'msg': "Input should be 'admin', 'editor' or 'viewer'", 'input': 'invalid_role', 'ctx': {'expected': "'admin', 'editor' or 'viewer'"}}
2025-11-08 14:30:13 - vasttamsserver.core.utils:435:log_pydantic_validation_error - ERROR - ================================================================================
2025-11-08 14:30:13 - vasttamsserver.core.utils:390:log_pydantic_validation_error - ERROR - ================================================================================
2025-11-08 14:30:13 - vasttamsserver.core.utils:391:log_pydantic_validation_error - ERROR - PYDANTIC VALIDATION ERROR
2025-11-08 14:30:13 - vasttamsserver.core.utils:392:log_pydantic_validation_error - ERROR - ================================================================================
2025-11-08 14:30:13 - vasttamsserver.core.utils:393:log_pydantic_validation_error - ERROR - Context: POST /users
2025-11-08 14:30:13 - vasttamsserver.core.utils:395:log_pydantic_validation_error - ERROR - Model: Request
2025-11-08 14:30:13 - vasttamsserver.core.utils:396:log_pydantic_validation_error - ERROR - Error Count: 1
2025-11-08 14:30:13 - vasttamsserver.core.utils:397:log_pydantic_validation_error - ERROR - ----------------------------------------
2025-11-08 14:30:13 - vasttamsserver.core.utils:400:log_pydantic_validation_error - ERROR -   • Field 'body -> password': Field required (got: {'username': 'testuser'}, type: missing)
2025-11-08 14:30:13 - vasttamsserver.core.utils:403:log_pydantic_validation_error - ERROR - ----------------------------------------
2025-11-08 14:30:13 - vasttamsserver.core.utils:404:log_pydantic_validation_error - ERROR - Input Data:
2025-11-08 14:30:13 - vasttamsserver.core.utils:418:log_pydantic_validation_error - ERROR - {
  "username": "testuser"
}
2025-11-08 14:30:13 - vasttamsserver.core.utils:423:log_pydantic_validation_error - ERROR - ----------------------------------------
2025-11-08 14:30:13 - vasttamsserver.core.utils:424:log_pydantic_validation_error - ERROR - Raw Pydantic Error:
2025-11-08 14:30:13 - vasttamsserver.core.utils:427:log_pydantic_validation_error - ERROR - Error type: RequestValidationError
2025-11-08 14:30:13 - vasttamsserver.core.utils:428:log_pydantic_validation_error - ERROR - Error message: [{'type': 'missing', 'loc': ('body', 'password'), 'msg': 'Field required', 'input': {'username': 'testuser'}}]
2025-11-08 14:30:13 - vasttamsserver.core.utils:431:log_pydantic_validation_error - ERROR - Error 0: {'type': 'missing', 'loc': ('body', 'password'), 'msg': 'Field required', 'input': {'username': 'testuser'}}
2025-11-08 14:30:13 - vasttamsserver.core.utils:435:log_pydantic_validation_error - ERROR - ================================================================================
2025-11-08 14:30:15 - vasttamsserver.core.utils:390:log_pydantic_validation_error - ERROR - ================================================================================
2025-11-08 14:30:15 - vasttamsserver.core.utils:391:log_pydantic_validation_error - ERROR - PYDANTIC VALIDATION ERROR
2025-11-08 14:30:15 - vasttamsserver.core.utils:392:log_pydantic_validation_error - ERROR - ================================================================================
2025-11-08 14:30:15 - vasttamsserver.core.utils:393:log_pydantic_validation_error - ERROR - Context: POST /users
2025-11-08 14:30:15 - vasttamsserver.core.utils:395:log_pydantic_validation_error - ERROR - Model: Request
2025-11-08 14:30:15 - vasttamsserver.core.utils:396:log_pydantic_validation_error - ERROR - Error Count: 1
2025-11-08 14:30:15 - vasttamsserver.core.utils:397:log_pydantic_validation_error - ERROR - ----------------------------------------
2025-11-08 14:30:15 - vasttamsserver.core.utils:400:log_pydantic_validation_error - ERROR -   • Field 'body -> username': Field required (got: {'password': 'testpassword123'}, type: missing)
2025-11-08 14:30:15 - vasttamsserver.core.utils:403:log_pydantic_validation_error - ERROR - ----------------------------------------
2025-11-08 14:30:15 - vasttamsserver.core.utils:404:log_pydantic_validation_error - ERROR - Input Data:
2025-11-08 14:30:15 - vasttamsserver.core.utils:418:log_pydantic_validation_error - ERROR - {
  "password": "testpassword123"
}
2025-11-08 14:30:15 - vasttamsserver.core.utils:423:log_pydantic_validation_error - ERROR - ----------------------------------------
2025-11-08 14:30:15 - vasttamsserver.core.utils:424:log_pydantic_validation_error - ERROR - Raw Pydantic Error:
2025-11-08 14:30:15 - vasttamsserver.core.utils:427:log_pydantic_validation_error - ERROR - Error type: RequestValidationError
2025-11-08 14:30:15 - vasttamsserver.core.utils:428:log_pydantic_validation_error - ERROR - Error message: [{'type': 'missing', 'loc': ('body', 'username'), 'msg': 'Field required', 'input': {'password': 'testpassword123'}}]
2025-11-08 14:30:15 - vasttamsserver.core.utils:431:log_pydantic_validation_error - ERROR - Error 0: {'type': 'missing', 'loc': ('body', 'username'), 'msg': 'Field required', 'input': {'password': 'testpassword123'}}
2025-11-08 14:30:15 - vasttamsserver.core.utils:435:log_pydantic_validation_error - ERROR - ================================================================================
2025-11-08 14:30:40 - vasttamsserver.auth.router:136:reload_auth_providers - ERROR - Failed to reload auth providers: 500: Auth manager not initialized
2025-11-08 14:30:40 - vasttamsserver.main:295:http_exception_handler - ERROR - HTTP Exception: 500 - Internal server error
2025-11-08 14:30:40 - vasttamsserver.core.utils:390:log_pydantic_validation_error - ERROR - ================================================================================
2025-11-08 14:30:40 - vasttamsserver.core.utils:391:log_pydantic_validation_error - ERROR - PYDANTIC VALIDATION ERROR
2025-11-08 14:30:40 - vasttamsserver.core.utils:392:log_pydantic_validation_error - ERROR - ================================================================================
2025-11-08 14:30:40 - vasttamsserver.core.utils:393:log_pydantic_validation_error - ERROR - Context: POST /auth/login
2025-11-08 14:30:40 - vasttamsserver.core.utils:395:log_pydantic_validation_error - ERROR - Model: Request
2025-11-08 14:30:40 - vasttamsserver.core.utils:396:log_pydantic_validation_error - ERROR - Error Count: 1
2025-11-08 14:30:40 - vasttamsserver.core.utils:397:log_pydantic_validation_error - ERROR - ----------------------------------------
2025-11-08 14:30:40 - vasttamsserver.core.utils:400:log_pydantic_validation_error - ERROR -   • Field 'body -> username': Field required (got: {'password': 'vastdata'}, type: missing)
2025-11-08 14:30:40 - vasttamsserver.core.utils:403:log_pydantic_validation_error - ERROR - ----------------------------------------
2025-11-08 14:30:40 - vasttamsserver.core.utils:404:log_pydantic_validation_error - ERROR - Input Data:
2025-11-08 14:30:40 - vasttamsserver.core.utils:418:log_pydantic_validation_error - ERROR - {
  "password": "vastdata"
}
2025-11-08 14:30:40 - vasttamsserver.core.utils:423:log_pydantic_validation_error - ERROR - ----------------------------------------
2025-11-08 14:30:40 - vasttamsserver.core.utils:424:log_pydantic_validation_error - ERROR - Raw Pydantic Error:
2025-11-08 14:30:40 - vasttamsserver.core.utils:427:log_pydantic_validation_error - ERROR - Error type: RequestValidationError
2025-11-08 14:30:40 - vasttamsserver.core.utils:428:log_pydantic_validation_error - ERROR - Error message: [{'type': 'missing', 'loc': ('body', 'username'), 'msg': 'Field required', 'input': {'password': 'vastdata'}}]
2025-11-08 14:30:40 - vasttamsserver.core.utils:431:log_pydantic_validation_error - ERROR - Error 0: {'type': 'missing', 'loc': ('body', 'username'), 'msg': 'Field required', 'input': {'password': 'vastdata'}}
2025-11-08 14:30:40 - vasttamsserver.core.utils:435:log_pydantic_validation_error - ERROR - ================================================================================
2025-11-08 14:30:40 - vasttamsserver.core.utils:390:log_pydantic_validation_error - ERROR - ================================================================================
2025-11-08 14:30:40 - vasttamsserver.core.utils:391:log_pydantic_validation_error - ERROR - PYDANTIC VALIDATION ERROR
2025-11-08 14:30:40 - vasttamsserver.core.utils:392:log_pydantic_validation_error - ERROR - ================================================================================
2025-11-08 14:30:40 - vasttamsserver.core.utils:393:log_pydantic_validation_error - ERROR - Context: POST /auth/login
2025-11-08 14:30:40 - vasttamsserver.core.utils:395:log_pydantic_validation_error - ERROR - Model: Request
2025-11-08 14:30:40 - vasttamsserver.core.utils:396:log_pydantic_validation_error - ERROR - Error Count: 1
2025-11-08 14:30:40 - vasttamsserver.core.utils:397:log_pydantic_validation_error - ERROR - ----------------------------------------
2025-11-08 14:30:40 - vasttamsserver.core.utils:400:log_pydantic_validation_error - ERROR -   • Field 'body -> password': Field required (got: {'username': 'admin'}, type: missing)
2025-11-08 14:30:40 - vasttamsserver.core.utils:403:log_pydantic_validation_error - ERROR - ----------------------------------------
2025-11-08 14:30:40 - vasttamsserver.core.utils:404:log_pydantic_validation_error - ERROR - Input Data:
2025-11-08 14:30:40 - vasttamsserver.core.utils:418:log_pydantic_validation_error - ERROR - {
  "username": "admin"
}
2025-11-08 14:30:40 - vasttamsserver.core.utils:423:log_pydantic_validation_error - ERROR - ----------------------------------------
2025-11-08 14:30:40 - vasttamsserver.core.utils:424:log_pydantic_validation_error - ERROR - Raw Pydantic Error:
2025-11-08 14:30:40 - vasttamsserver.core.utils:427:log_pydantic_validation_error - ERROR - Error type: RequestValidationError
2025-11-08 14:30:40 - vasttamsserver.core.utils:428:log_pydantic_validation_error - ERROR - Error message: [{'type': 'missing', 'loc': ('body', 'password'), 'msg': 'Field required', 'input': {'username': 'admin'}}]
2025-11-08 14:30:40 - vasttamsserver.core.utils:431:log_pydantic_validation_error - ERROR - Error 0: {'type': 'missing', 'loc': ('body', 'password'), 'msg': 'Field required', 'input': {'username': 'admin'}}
2025-11-08 14:30:40 - vasttamsserver.core.utils:435:log_pydantic_validation_error - ERROR - ================================================================================
2025-11-08 14:59:39 - vasttamsserver.segments.router:349:list_flow_segments - ERROR - Failed to list segments for flow 0e7b0181-c6db-4c39-a2f3-80319d3d23b8: TAMSStorageService.get_flow_segments() got an unexpected keyword argument 'skip_get_urls_generation'
2025-11-08 14:59:39 - vasttamsserver.main:295:http_exception_handler - ERROR - HTTP Exception: 500 - Internal server error
2025-11-08 14:59:39 - vasttamsserver.segments.router:349:list_flow_segments - ERROR - Failed to list segments for flow 0e7b0181-c6db-4c39-a2f3-80319d3d23b8: TAMSStorageService.get_flow_segments() got an unexpected keyword argument 'skip_get_urls_generation'
2025-11-08 14:59:39 - vasttamsserver.main:295:http_exception_handler - ERROR - HTTP Exception: 500 - Internal server error
2025-11-08 15:00:54 - vasttamsserver.segments.router:349:list_flow_segments - ERROR - Failed to list segments for flow 527c7b07-2c9d-420c-a572-d212bb42291a: TAMSStorageService.get_flow_segments() got an unexpected keyword argument 'skip_get_urls_generation'
2025-11-08 15:00:54 - vasttamsserver.main:295:http_exception_handler - ERROR - HTTP Exception: 500 - Internal server error
2025-11-08 15:00:54 - vasttamsserver.segments.router:349:list_flow_segments - ERROR - Failed to list segments for flow 527c7b07-2c9d-420c-a572-d212bb42291a: TAMSStorageService.get_flow_segments() got an unexpected keyword argument 'skip_get_urls_generation'
2025-11-08 15:00:54 - vasttamsserver.main:295:http_exception_handler - ERROR - HTTP Exception: 500 - Internal server error
2025-11-08 15:00:57 - vasttamsserver.segments.router:349:list_flow_segments - ERROR - Failed to list segments for flow 527c7b07-2c9d-420c-a572-d212bb42291a: TAMSStorageService.get_flow_segments() got an unexpected keyword argument 'skip_get_urls_generation'
2025-11-08 15:00:57 - vasttamsserver.main:295:http_exception_handler - ERROR - HTTP Exception: 500 - Internal server error
2025-11-08 15:02:18 - vasttamsserver.segments.router:349:list_flow_segments - ERROR - Failed to list segments for flow 527c7b07-2c9d-420c-a572-d212bb42291a: TAMSStorageService.get_flow_segments() got an unexpected keyword argument 'skip_get_urls_generation'
2025-11-08 15:02:18 - vasttamsserver.main:295:http_exception_handler - ERROR - HTTP Exception: 500 - Internal server error
2025-11-08 15:02:18 - vasttamsserver.segments.router:349:list_flow_segments - ERROR - Failed to list segments for flow 527c7b07-2c9d-420c-a572-d212bb42291a: TAMSStorageService.get_flow_segments() got an unexpected keyword argument 'skip_get_urls_generation'
2025-11-08 15:02:18 - vasttamsserver.main:295:http_exception_handler - ERROR - HTTP Exception: 500 - Internal server error
2025-11-08 15:02:39 - vasttamsserver.segments.router:349:list_flow_segments - ERROR - Failed to list segments for flow 527c7b07-2c9d-420c-a572-d212bb42291a: TAMSStorageService.get_flow_segments() got an unexpected keyword argument 'skip_get_urls_generation'
2025-11-08 15:02:39 - vasttamsserver.main:295:http_exception_handler - ERROR - HTTP Exception: 500 - Internal server error
2025-11-08 15:02:39 - vasttamsserver.segments.router:349:list_flow_segments - ERROR - Failed to list segments for flow 527c7b07-2c9d-420c-a572-d212bb42291a: TAMSStorageService.get_flow_segments() got an unexpected keyword argument 'skip_get_urls_generation'
2025-11-08 15:02:39 - vasttamsserver.main:295:http_exception_handler - ERROR - HTTP Exception: 500 - Internal server error
2025-11-08 15:03:17 - vasttamsserver.segments.router:349:list_flow_segments - ERROR - Failed to list segments for flow 527c7b07-2c9d-420c-a572-d212bb42291a: TAMSStorageService.get_flow_segments() got an unexpected keyword argument 'skip_get_urls_generation'
2025-11-08 15:03:17 - vasttamsserver.main:295:http_exception_handler - ERROR - HTTP Exception: 500 - Internal server error
2025-11-08 15:03:29 - vasttamsserver.segments.router:349:list_flow_segments - ERROR - Failed to list segments for flow 527c7b07-2c9d-420c-a572-d212bb42291a: TAMSStorageService.get_flow_segments() got an unexpected keyword argument 'skip_get_urls_generation'
2025-11-08 15:03:29 - vasttamsserver.main:295:http_exception_handler - ERROR - HTTP Exception: 500 - Internal server error
2025-11-08 15:03:37 - vasttamsserver.segments.router:349:list_flow_segments - ERROR - Failed to list segments for flow 527c7b07-2c9d-420c-a572-d212bb42291a: TAMSStorageService.get_flow_segments() got an unexpected keyword argument 'skip_get_urls_generation'
2025-11-08 15:03:37 - vasttamsserver.main:295:http_exception_handler - ERROR - HTTP Exception: 500 - Internal server error
2025-11-08 16:47:17 - vasttamsserver.core.utils:390:log_pydantic_validation_error - ERROR - ================================================================================
2025-11-08 16:47:17 - vasttamsserver.core.utils:391:log_pydantic_validation_error - ERROR - PYDANTIC VALIDATION ERROR
2025-11-08 16:47:17 - vasttamsserver.core.utils:392:log_pydantic_validation_error - ERROR - ================================================================================
2025-11-08 16:47:17 - vasttamsserver.core.utils:393:log_pydantic_validation_error - ERROR - Context: POST /flows
2025-11-08 16:47:17 - vasttamsserver.core.utils:395:log_pydantic_validation_error - ERROR - Model: Request
2025-11-08 16:47:17 - vasttamsserver.core.utils:396:log_pydantic_validation_error - ERROR - Error Count: 1
2025-11-08 16:47:17 - vasttamsserver.core.utils:397:log_pydantic_validation_error - ERROR - ----------------------------------------
2025-11-08 16:47:17 - vasttamsserver.core.utils:400:log_pydantic_validation_error - ERROR -   • Field 'body -> urn:x-nmos:format:video -> essence_parameters': Field required (got: {'source_id': '503bdb80-9d9d-49fe-9619-a27c3d895ed2', 'id': '65376422-124e-4880-a36b-422d456b8793', 'format': 'urn:x-nmos:format:video', 'codec': 'video/h264', 'label': 'Test Flow Create'}, type: missing)
2025-11-08 16:47:17 - vasttamsserver.core.utils:403:log_pydantic_validation_error - ERROR - ----------------------------------------
2025-11-08 16:47:17 - vasttamsserver.core.utils:404:log_pydantic_validation_error - ERROR - Input Data:
2025-11-08 16:47:17 - vasttamsserver.core.utils:418:log_pydantic_validation_error - ERROR - {
  "source_id": "503bdb80-9d9d-49fe-9619-a27c3d895ed2",
  "id": "65376422-124e-4880-a36b-422d456b8793",
  "format": "urn:x-nmos:format:video",
  "codec": "video/h264",
  "label": "Test Flow Create"
}
2025-11-08 16:47:17 - vasttamsserver.core.utils:423:log_pydantic_validation_error - ERROR - ----------------------------------------
2025-11-08 16:47:17 - vasttamsserver.core.utils:424:log_pydantic_validation_error - ERROR - Raw Pydantic Error:
2025-11-08 16:47:17 - vasttamsserver.core.utils:427:log_pydantic_validation_error - ERROR - Error type: RequestValidationError
2025-11-08 16:47:17 - vasttamsserver.core.utils:428:log_pydantic_validation_error - ERROR - Error message: [{'type': 'missing', 'loc': ('body', 'urn:x-nmos:format:video', 'essence_parameters'), 'msg': 'Field required', 'input': {'source_id': '503bdb80-9d9d-49fe-9619-a27c3d895ed2', 'id': '65376422-124e-4880-a36b-422d456b8793', 'format': 'urn:x-nmos:format:video', 'codec': 'video/h264', 'label': 'Test Flow Create'}}]
2025-11-08 16:47:17 - vasttamsserver.core.utils:431:log_pydantic_validation_error - ERROR - Error 0: {'type': 'missing', 'loc': ('body', 'urn:x-nmos:format:video', 'essence_parameters'), 'msg': 'Field required', 'input': {'source_id': '503bdb80-9d9d-49fe-9619-a27c3d895ed2', 'id': '65376422-124e-4880-a36b-422d456b8793', 'format': 'urn:x-nmos:format:video', 'codec': 'video/h264', 'label': 'Test Flow Create'}}
2025-11-08 16:47:17 - vasttamsserver.core.utils:435:log_pydantic_validation_error - ERROR - ================================================================================
2025-11-08 16:47:21 - vasttamsserver.core.utils:390:log_pydantic_validation_error - ERROR - ================================================================================
2025-11-08 16:47:21 - vasttamsserver.core.utils:391:log_pydantic_validation_error - ERROR - PYDANTIC VALIDATION ERROR
2025-11-08 16:47:21 - vasttamsserver.core.utils:392:log_pydantic_validation_error - ERROR - ================================================================================
2025-11-08 16:47:21 - vasttamsserver.core.utils:393:log_pydantic_validation_error - ERROR - Context: POST /flows
2025-11-08 16:47:21 - vasttamsserver.core.utils:395:log_pydantic_validation_error - ERROR - Model: Request
2025-11-08 16:47:21 - vasttamsserver.core.utils:396:log_pydantic_validation_error - ERROR - Error Count: 1
2025-11-08 16:47:21 - vasttamsserver.core.utils:397:log_pydantic_validation_error - ERROR - ----------------------------------------
2025-11-08 16:47:21 - vasttamsserver.core.utils:400:log_pydantic_validation_error - ERROR -   • Field 'body -> urn:x-nmos:format:video -> essence_parameters': Field required (got: {'source_id': '54079f89-e740-44d7-b3eb-70e77568ee97', 'id': '3f2c7b6f-3789-4e7a-a275-8b03fc5d3f9a', 'format': 'urn:x-nmos:format:video', 'codec': 'video/h264', 'label': 'Integration Test Flow'}, type: missing)
2025-11-08 16:47:21 - vasttamsserver.core.utils:403:log_pydantic_validation_error - ERROR - ----------------------------------------
2025-11-08 16:47:21 - vasttamsserver.core.utils:404:log_pydantic_validation_error - ERROR - Input Data:
2025-11-08 16:47:21 - vasttamsserver.core.utils:418:log_pydantic_validation_error - ERROR - {
  "source_id": "54079f89-e740-44d7-b3eb-70e77568ee97",
  "id": "3f2c7b6f-3789-4e7a-a275-8b03fc5d3f9a",
  "format": "urn:x-nmos:format:video",
  "codec": "video/h264",
  "label": "Integration Test Flow"
}
2025-11-08 16:47:21 - vasttamsserver.core.utils:423:log_pydantic_validation_error - ERROR - ----------------------------------------
2025-11-08 16:47:21 - vasttamsserver.core.utils:424:log_pydantic_validation_error - ERROR - Raw Pydantic Error:
2025-11-08 16:47:21 - vasttamsserver.core.utils:427:log_pydantic_validation_error - ERROR - Error type: RequestValidationError
2025-11-08 16:47:21 - vasttamsserver.core.utils:428:log_pydantic_validation_error - ERROR - Error message: [{'type': 'missing', 'loc': ('body', 'urn:x-nmos:format:video', 'essence_parameters'), 'msg': 'Field required', 'input': {'source_id': '54079f89-e740-44d7-b3eb-70e77568ee97', 'id': '3f2c7b6f-3789-4e7a-a275-8b03fc5d3f9a', 'format': 'urn:x-nmos:format:video', 'codec': 'video/h264', 'label': 'Integration Test Flow'}}]
2025-11-08 16:47:21 - vasttamsserver.core.utils:431:log_pydantic_validation_error - ERROR - Error 0: {'type': 'missing', 'loc': ('body', 'urn:x-nmos:format:video', 'essence_parameters'), 'msg': 'Field required', 'input': {'source_id': '54079f89-e740-44d7-b3eb-70e77568ee97', 'id': '3f2c7b6f-3789-4e7a-a275-8b03fc5d3f9a', 'format': 'urn:x-nmos:format:video', 'codec': 'video/h264', 'label': 'Integration Test Flow'}}
2025-11-08 16:47:21 - vasttamsserver.core.utils:435:log_pydantic_validation_error - ERROR - ================================================================================
2025-11-08 16:47:26 - vasttamsserver.core.utils:390:log_pydantic_validation_error - ERROR - ================================================================================
2025-11-08 16:47:26 - vasttamsserver.core.utils:391:log_pydantic_validation_error - ERROR - PYDANTIC VALIDATION ERROR
2025-11-08 16:47:26 - vasttamsserver.core.utils:392:log_pydantic_validation_error - ERROR - ================================================================================
2025-11-08 16:47:26 - vasttamsserver.core.utils:393:log_pydantic_validation_error - ERROR - Context: POST /flows
2025-11-08 16:47:26 - vasttamsserver.core.utils:395:log_pydantic_validation_error - ERROR - Model: Request
2025-11-08 16:47:26 - vasttamsserver.core.utils:396:log_pydantic_validation_error - ERROR - Error Count: 1
2025-11-08 16:47:26 - vasttamsserver.core.utils:397:log_pydantic_validation_error - ERROR - ----------------------------------------
2025-11-08 16:47:26 - vasttamsserver.core.utils:400:log_pydantic_validation_error - ERROR -   • Field 'body -> urn:x-nmos:format:video -> essence_parameters': Field required (got: {'source_id': 'cd547464-e93e-4203-bec7-2ef1a30eb61f', 'id': '8dbddc3a-3d2a-4eaa-b9ef-84451fa90cf0', 'format': 'urn:x-nmos:format:video', 'codec': 'video/h264', 'label': 'Integration Test Flow'}, type: missing)
2025-11-08 16:47:26 - vasttamsserver.core.utils:403:log_pydantic_validation_error - ERROR - ----------------------------------------
2025-11-08 16:47:26 - vasttamsserver.core.utils:404:log_pydantic_validation_error - ERROR - Input Data:
2025-11-08 16:47:26 - vasttamsserver.core.utils:418:log_pydantic_validation_error - ERROR - {
  "source_id": "cd547464-e93e-4203-bec7-2ef1a30eb61f",
  "id": "8dbddc3a-3d2a-4eaa-b9ef-84451fa90cf0",
  "format": "urn:x-nmos:format:video",
  "codec": "video/h264",
  "label": "Integration Test Flow"
}
2025-11-08 16:47:26 - vasttamsserver.core.utils:423:log_pydantic_validation_error - ERROR - ----------------------------------------
2025-11-08 16:47:26 - vasttamsserver.core.utils:424:log_pydantic_validation_error - ERROR - Raw Pydantic Error:
2025-11-08 16:47:26 - vasttamsserver.core.utils:427:log_pydantic_validation_error - ERROR - Error type: RequestValidationError
2025-11-08 16:47:26 - vasttamsserver.core.utils:428:log_pydantic_validation_error - ERROR - Error message: [{'type': 'missing', 'loc': ('body', 'urn:x-nmos:format:video', 'essence_parameters'), 'msg': 'Field required', 'input': {'source_id': 'cd547464-e93e-4203-bec7-2ef1a30eb61f', 'id': '8dbddc3a-3d2a-4eaa-b9ef-84451fa90cf0', 'format': 'urn:x-nmos:format:video', 'codec': 'video/h264', 'label': 'Integration Test Flow'}}]
2025-11-08 16:47:26 - vasttamsserver.core.utils:431:log_pydantic_validation_error - ERROR - Error 0: {'type': 'missing', 'loc': ('body', 'urn:x-nmos:format:video', 'essence_parameters'), 'msg': 'Field required', 'input': {'source_id': 'cd547464-e93e-4203-bec7-2ef1a30eb61f', 'id': '8dbddc3a-3d2a-4eaa-b9ef-84451fa90cf0', 'format': 'urn:x-nmos:format:video', 'codec': 'video/h264', 'label': 'Integration Test Flow'}}
2025-11-08 16:47:26 - vasttamsserver.core.utils:435:log_pydantic_validation_error - ERROR - ================================================================================
2025-11-08 16:47:31 - vasttamsserver.core.utils:390:log_pydantic_validation_error - ERROR - ================================================================================
2025-11-08 16:47:31 - vasttamsserver.core.utils:391:log_pydantic_validation_error - ERROR - PYDANTIC VALIDATION ERROR
2025-11-08 16:47:31 - vasttamsserver.core.utils:392:log_pydantic_validation_error - ERROR - ================================================================================
2025-11-08 16:47:31 - vasttamsserver.core.utils:393:log_pydantic_validation_error - ERROR - Context: POST /flows
2025-11-08 16:47:31 - vasttamsserver.core.utils:395:log_pydantic_validation_error - ERROR - Model: Request
2025-11-08 16:47:31 - vasttamsserver.core.utils:396:log_pydantic_validation_error - ERROR - Error Count: 1
2025-11-08 16:47:31 - vasttamsserver.core.utils:397:log_pydantic_validation_error - ERROR - ----------------------------------------
2025-11-08 16:47:31 - vasttamsserver.core.utils:400:log_pydantic_validation_error - ERROR -   • Field 'body -> urn:x-nmos:format:video -> essence_parameters': Field required (got: {'source_id': 'cc067b2e-e143-4ef9-a217-825f4ce78dbd', 'id': 'f181e3dc-452a-4cce-a2e1-097680f4646a', 'format': 'urn:x-nmos:format:video', 'codec': 'video/h264', 'label': 'Integration Test Flow'}, type: missing)
2025-11-08 16:47:31 - vasttamsserver.core.utils:403:log_pydantic_validation_error - ERROR - ----------------------------------------
2025-11-08 16:47:31 - vasttamsserver.core.utils:404:log_pydantic_validation_error - ERROR - Input Data:
2025-11-08 16:47:31 - vasttamsserver.core.utils:418:log_pydantic_validation_error - ERROR - {
  "source_id": "cc067b2e-e143-4ef9-a217-825f4ce78dbd",
  "id": "f181e3dc-452a-4cce-a2e1-097680f4646a",
  "format": "urn:x-nmos:format:video",
  "codec": "video/h264",
  "label": "Integration Test Flow"
}
2025-11-08 16:47:31 - vasttamsserver.core.utils:423:log_pydantic_validation_error - ERROR - ----------------------------------------
2025-11-08 16:47:31 - vasttamsserver.core.utils:424:log_pydantic_validation_error - ERROR - Raw Pydantic Error:
2025-11-08 16:47:31 - vasttamsserver.core.utils:427:log_pydantic_validation_error - ERROR - Error type: RequestValidationError
2025-11-08 16:47:31 - vasttamsserver.core.utils:428:log_pydantic_validation_error - ERROR - Error message: [{'type': 'missing', 'loc': ('body', 'urn:x-nmos:format:video', 'essence_parameters'), 'msg': 'Field required', 'input': {'source_id': 'cc067b2e-e143-4ef9-a217-825f4ce78dbd', 'id': 'f181e3dc-452a-4cce-a2e1-097680f4646a', 'format': 'urn:x-nmos:format:video', 'codec': 'video/h264', 'label': 'Integration Test Flow'}}]
2025-11-08 16:47:31 - vasttamsserver.core.utils:431:log_pydantic_validation_error - ERROR - Error 0: {'type': 'missing', 'loc': ('body', 'urn:x-nmos:format:video', 'essence_parameters'), 'msg': 'Field required', 'input': {'source_id': 'cc067b2e-e143-4ef9-a217-825f4ce78dbd', 'id': 'f181e3dc-452a-4cce-a2e1-097680f4646a', 'format': 'urn:x-nmos:format:video', 'codec': 'video/h264', 'label': 'Integration Test Flow'}}
2025-11-08 16:47:31 - vasttamsserver.core.utils:435:log_pydantic_validation_error - ERROR - ================================================================================
2025-11-08 16:47:35 - vasttamsserver.core.utils:390:log_pydantic_validation_error - ERROR - ================================================================================
2025-11-08 16:47:35 - vasttamsserver.core.utils:391:log_pydantic_validation_error - ERROR - PYDANTIC VALIDATION ERROR
2025-11-08 16:47:35 - vasttamsserver.core.utils:392:log_pydantic_validation_error - ERROR - ================================================================================
2025-11-08 16:47:35 - vasttamsserver.core.utils:393:log_pydantic_validation_error - ERROR - Context: POST /flows
2025-11-08 16:47:35 - vasttamsserver.core.utils:395:log_pydantic_validation_error - ERROR - Model: Request
2025-11-08 16:47:35 - vasttamsserver.core.utils:396:log_pydantic_validation_error - ERROR - Error Count: 1
2025-11-08 16:47:35 - vasttamsserver.core.utils:397:log_pydantic_validation_error - ERROR - ----------------------------------------
2025-11-08 16:47:35 - vasttamsserver.core.utils:400:log_pydantic_validation_error - ERROR -   • Field 'body -> urn:x-nmos:format:video -> essence_parameters': Field required (got: {'source_id': '812bd812-f049-4737-b791-8839b7aa493b', 'id': 'b90cb322-98c2-4ab1-af60-920c47b77e26', 'format': 'urn:x-nmos:format:video', 'codec': 'video/h264', 'label': 'Integration Test Flow'}, type: missing)
2025-11-08 16:47:35 - vasttamsserver.core.utils:403:log_pydantic_validation_error - ERROR - ----------------------------------------
2025-11-08 16:47:35 - vasttamsserver.core.utils:404:log_pydantic_validation_error - ERROR - Input Data:
2025-11-08 16:47:35 - vasttamsserver.core.utils:418:log_pydantic_validation_error - ERROR - {
  "source_id": "812bd812-f049-4737-b791-8839b7aa493b",
  "id": "b90cb322-98c2-4ab1-af60-920c47b77e26",
  "format": "urn:x-nmos:format:video",
  "codec": "video/h264",
  "label": "Integration Test Flow"
}
2025-11-08 16:47:35 - vasttamsserver.core.utils:423:log_pydantic_validation_error - ERROR - ----------------------------------------
2025-11-08 16:47:35 - vasttamsserver.core.utils:424:log_pydantic_validation_error - ERROR - Raw Pydantic Error:
2025-11-08 16:47:35 - vasttamsserver.core.utils:427:log_pydantic_validation_error - ERROR - Error type: RequestValidationError
2025-11-08 16:47:35 - vasttamsserver.core.utils:428:log_pydantic_validation_error - ERROR - Error message: [{'type': 'missing', 'loc': ('body', 'urn:x-nmos:format:video', 'essence_parameters'), 'msg': 'Field required', 'input': {'source_id': '812bd812-f049-4737-b791-8839b7aa493b', 'id': 'b90cb322-98c2-4ab1-af60-920c47b77e26', 'format': 'urn:x-nmos:format:video', 'codec': 'video/h264', 'label': 'Integration Test Flow'}}]
2025-11-08 16:47:35 - vasttamsserver.core.utils:431:log_pydantic_validation_error - ERROR - Error 0: {'type': 'missing', 'loc': ('body', 'urn:x-nmos:format:video', 'essence_parameters'), 'msg': 'Field required', 'input': {'source_id': '812bd812-f049-4737-b791-8839b7aa493b', 'id': 'b90cb322-98c2-4ab1-af60-920c47b77e26', 'format': 'urn:x-nmos:format:video', 'codec': 'video/h264', 'label': 'Integration Test Flow'}}
2025-11-08 16:47:35 - vasttamsserver.core.utils:435:log_pydantic_validation_error - ERROR - ================================================================================
2025-11-08 16:47:39 - vasttamsserver.core.utils:390:log_pydantic_validation_error - ERROR - ================================================================================
2025-11-08 16:47:39 - vasttamsserver.core.utils:391:log_pydantic_validation_error - ERROR - PYDANTIC VALIDATION ERROR
2025-11-08 16:47:39 - vasttamsserver.core.utils:392:log_pydantic_validation_error - ERROR - ================================================================================
2025-11-08 16:47:39 - vasttamsserver.core.utils:393:log_pydantic_validation_error - ERROR - Context: POST /flows
2025-11-08 16:47:39 - vasttamsserver.core.utils:395:log_pydantic_validation_error - ERROR - Model: Request
2025-11-08 16:47:39 - vasttamsserver.core.utils:396:log_pydantic_validation_error - ERROR - Error Count: 1
2025-11-08 16:47:39 - vasttamsserver.core.utils:397:log_pydantic_validation_error - ERROR - ----------------------------------------
2025-11-08 16:47:39 - vasttamsserver.core.utils:400:log_pydantic_validation_error - ERROR -   • Field 'body -> urn:x-nmos:format:video -> essence_parameters': Field required (got: {'source_id': '3041f219-7667-4e23-b287-9fc0f5da53f0', 'id': 'e114c83e-d6fb-45e1-b8db-289de28a27c4', 'format': 'urn:x-nmos:format:video', 'codec': 'video/h264', 'label': 'Integration Test Flow'}, type: missing)
2025-11-08 16:47:39 - vasttamsserver.core.utils:403:log_pydantic_validation_error - ERROR - ----------------------------------------
2025-11-08 16:47:39 - vasttamsserver.core.utils:404:log_pydantic_validation_error - ERROR - Input Data:
2025-11-08 16:47:39 - vasttamsserver.core.utils:418:log_pydantic_validation_error - ERROR - {
  "source_id": "3041f219-7667-4e23-b287-9fc0f5da53f0",
  "id": "e114c83e-d6fb-45e1-b8db-289de28a27c4",
  "format": "urn:x-nmos:format:video",
  "codec": "video/h264",
  "label": "Integration Test Flow"
}
2025-11-08 16:47:39 - vasttamsserver.core.utils:423:log_pydantic_validation_error - ERROR - ----------------------------------------
2025-11-08 16:47:39 - vasttamsserver.core.utils:424:log_pydantic_validation_error - ERROR - Raw Pydantic Error:
2025-11-08 16:47:39 - vasttamsserver.core.utils:427:log_pydantic_validation_error - ERROR - Error type: RequestValidationError
2025-11-08 16:47:39 - vasttamsserver.core.utils:428:log_pydantic_validation_error - ERROR - Error message: [{'type': 'missing', 'loc': ('body', 'urn:x-nmos:format:video', 'essence_parameters'), 'msg': 'Field required', 'input': {'source_id': '3041f219-7667-4e23-b287-9fc0f5da53f0', 'id': 'e114c83e-d6fb-45e1-b8db-289de28a27c4', 'format': 'urn:x-nmos:format:video', 'codec': 'video/h264', 'label': 'Integration Test Flow'}}]
2025-11-08 16:47:39 - vasttamsserver.core.utils:431:log_pydantic_validation_error - ERROR - Error 0: {'type': 'missing', 'loc': ('body', 'urn:x-nmos:format:video', 'essence_parameters'), 'msg': 'Field required', 'input': {'source_id': '3041f219-7667-4e23-b287-9fc0f5da53f0', 'id': 'e114c83e-d6fb-45e1-b8db-289de28a27c4', 'format': 'urn:x-nmos:format:video', 'codec': 'video/h264', 'label': 'Integration Test Flow'}}
2025-11-08 16:47:39 - vasttamsserver.core.utils:435:log_pydantic_validation_error - ERROR - ================================================================================
2025-11-08 16:47:44 - vasttamsserver.core.utils:390:log_pydantic_validation_error - ERROR - ================================================================================
2025-11-08 16:47:44 - vasttamsserver.core.utils:391:log_pydantic_validation_error - ERROR - PYDANTIC VALIDATION ERROR
2025-11-08 16:47:44 - vasttamsserver.core.utils:392:log_pydantic_validation_error - ERROR - ================================================================================
2025-11-08 16:47:44 - vasttamsserver.core.utils:393:log_pydantic_validation_error - ERROR - Context: POST /flows
2025-11-08 16:47:44 - vasttamsserver.core.utils:395:log_pydantic_validation_error - ERROR - Model: Request
2025-11-08 16:47:44 - vasttamsserver.core.utils:396:log_pydantic_validation_error - ERROR - Error Count: 1
2025-11-08 16:47:44 - vasttamsserver.core.utils:397:log_pydantic_validation_error - ERROR - ----------------------------------------
2025-11-08 16:47:44 - vasttamsserver.core.utils:400:log_pydantic_validation_error - ERROR -   • Field 'body -> urn:x-nmos:format:video -> essence_parameters': Field required (got: {'source_id': 'bbc6079e-b85b-4f55-9010-1884fdf5fead', 'id': 'd5054839-1af9-4937-9105-e7ab0d0d7b1b', 'format': 'urn:x-nmos:format:video', 'codec': 'video/h264', 'label': 'Workflow Test Flow'}, type: missing)
2025-11-08 16:47:44 - vasttamsserver.core.utils:403:log_pydantic_validation_error - ERROR - ----------------------------------------
2025-11-08 16:47:44 - vasttamsserver.core.utils:404:log_pydantic_validation_error - ERROR - Input Data:
2025-11-08 16:47:44 - vasttamsserver.core.utils:418:log_pydantic_validation_error - ERROR - {
  "source_id": "bbc6079e-b85b-4f55-9010-1884fdf5fead",
  "id": "d5054839-1af9-4937-9105-e7ab0d0d7b1b",
  "format": "urn:x-nmos:format:video",
  "codec": "video/h264",
  "label": "Workflow Test Flow"
}
2025-11-08 16:47:44 - vasttamsserver.core.utils:423:log_pydantic_validation_error - ERROR - ----------------------------------------
2025-11-08 16:47:44 - vasttamsserver.core.utils:424:log_pydantic_validation_error - ERROR - Raw Pydantic Error:
2025-11-08 16:47:44 - vasttamsserver.core.utils:427:log_pydantic_validation_error - ERROR - Error type: RequestValidationError
2025-11-08 16:47:44 - vasttamsserver.core.utils:428:log_pydantic_validation_error - ERROR - Error message: [{'type': 'missing', 'loc': ('body', 'urn:x-nmos:format:video', 'essence_parameters'), 'msg': 'Field required', 'input': {'source_id': 'bbc6079e-b85b-4f55-9010-1884fdf5fead', 'id': 'd5054839-1af9-4937-9105-e7ab0d0d7b1b', 'format': 'urn:x-nmos:format:video', 'codec': 'video/h264', 'label': 'Workflow Test Flow'}}]
2025-11-08 16:47:44 - vasttamsserver.core.utils:431:log_pydantic_validation_error - ERROR - Error 0: {'type': 'missing', 'loc': ('body', 'urn:x-nmos:format:video', 'essence_parameters'), 'msg': 'Field required', 'input': {'source_id': 'bbc6079e-b85b-4f55-9010-1884fdf5fead', 'id': 'd5054839-1af9-4937-9105-e7ab0d0d7b1b', 'format': 'urn:x-nmos:format:video', 'codec': 'video/h264', 'label': 'Workflow Test Flow'}}
2025-11-08 16:47:44 - vasttamsserver.core.utils:435:log_pydantic_validation_error - ERROR - ================================================================================
2025-11-08 16:47:46 - vasttamsserver.core.utils:390:log_pydantic_validation_error - ERROR - ================================================================================
2025-11-08 16:47:46 - vasttamsserver.core.utils:391:log_pydantic_validation_error - ERROR - PYDANTIC VALIDATION ERROR
2025-11-08 16:47:46 - vasttamsserver.core.utils:392:log_pydantic_validation_error - ERROR - ================================================================================
2025-11-08 16:47:46 - vasttamsserver.core.utils:393:log_pydantic_validation_error - ERROR - Context: POST /flows
2025-11-08 16:47:46 - vasttamsserver.core.utils:395:log_pydantic_validation_error - ERROR - Model: Request
2025-11-08 16:47:46 - vasttamsserver.core.utils:396:log_pydantic_validation_error - ERROR - Error Count: 1
2025-11-08 16:47:46 - vasttamsserver.core.utils:397:log_pydantic_validation_error - ERROR - ----------------------------------------
2025-11-08 16:47:46 - vasttamsserver.core.utils:400:log_pydantic_validation_error - ERROR -   • Field 'body -> urn:x-nmos:format:video -> essence_parameters': Field required (got: {'source_id': 'cfd2fd46-d9f7-417d-baab-e6e2d1d0bdcf', 'id': '69b423af-bce3-42ab-944f-cd83e467251b', 'format': 'urn:x-nmos:format:video', 'codec': 'video/h264', 'label': 'Flow 1'}, type: missing)
2025-11-08 16:47:46 - vasttamsserver.core.utils:403:log_pydantic_validation_error - ERROR - ----------------------------------------
2025-11-08 16:47:46 - vasttamsserver.core.utils:404:log_pydantic_validation_error - ERROR - Input Data:
2025-11-08 16:47:46 - vasttamsserver.core.utils:418:log_pydantic_validation_error - ERROR - {
  "source_id": "cfd2fd46-d9f7-417d-baab-e6e2d1d0bdcf",
  "id": "69b423af-bce3-42ab-944f-cd83e467251b",
  "format": "urn:x-nmos:format:video",
  "codec": "video/h264",
  "label": "Flow 1"
}
2025-11-08 16:47:46 - vasttamsserver.core.utils:423:log_pydantic_validation_error - ERROR - ----------------------------------------
2025-11-08 16:47:46 - vasttamsserver.core.utils:424:log_pydantic_validation_error - ERROR - Raw Pydantic Error:
2025-11-08 16:47:46 - vasttamsserver.core.utils:427:log_pydantic_validation_error - ERROR - Error type: RequestValidationError
2025-11-08 16:47:46 - vasttamsserver.core.utils:428:log_pydantic_validation_error - ERROR - Error message: [{'type': 'missing', 'loc': ('body', 'urn:x-nmos:format:video', 'essence_parameters'), 'msg': 'Field required', 'input': {'source_id': 'cfd2fd46-d9f7-417d-baab-e6e2d1d0bdcf', 'id': '69b423af-bce3-42ab-944f-cd83e467251b', 'format': 'urn:x-nmos:format:video', 'codec': 'video/h264', 'label': 'Flow 1'}}]
2025-11-08 16:47:46 - vasttamsserver.core.utils:431:log_pydantic_validation_error - ERROR - Error 0: {'type': 'missing', 'loc': ('body', 'urn:x-nmos:format:video', 'essence_parameters'), 'msg': 'Field required', 'input': {'source_id': 'cfd2fd46-d9f7-417d-baab-e6e2d1d0bdcf', 'id': '69b423af-bce3-42ab-944f-cd83e467251b', 'format': 'urn:x-nmos:format:video', 'codec': 'video/h264', 'label': 'Flow 1'}}
2025-11-08 16:47:46 - vasttamsserver.core.utils:435:log_pydantic_validation_error - ERROR - ================================================================================
2025-11-08 16:47:57 - vasttamsserver.core.utils:390:log_pydantic_validation_error - ERROR - ================================================================================
2025-11-08 16:47:57 - vasttamsserver.core.utils:391:log_pydantic_validation_error - ERROR - PYDANTIC VALIDATION ERROR
2025-11-08 16:47:57 - vasttamsserver.core.utils:392:log_pydantic_validation_error - ERROR - ================================================================================
2025-11-08 16:47:57 - vasttamsserver.core.utils:393:log_pydantic_validation_error - ERROR - Context: POST /flows
2025-11-08 16:47:57 - vasttamsserver.core.utils:395:log_pydantic_validation_error - ERROR - Model: Request
2025-11-08 16:47:57 - vasttamsserver.core.utils:396:log_pydantic_validation_error - ERROR - Error Count: 1
2025-11-08 16:47:57 - vasttamsserver.core.utils:397:log_pydantic_validation_error - ERROR - ----------------------------------------
2025-11-08 16:47:57 - vasttamsserver.core.utils:400:log_pydantic_validation_error - ERROR -   • Field 'body -> urn:x-nmos:format:video -> essence_parameters': Field required (got: {'source_id': 'cf4385ce-8d85-40f6-9db1-2b9dea2f29a7', 'id': '41f9b3ff-5c9e-4952-a998-e7e17d588b1a', 'format': 'urn:x-nmos:format:video', 'codec': 'video/h264', 'label': 'Integration Test Flow'}, type: missing)
2025-11-08 16:47:57 - vasttamsserver.core.utils:403:log_pydantic_validation_error - ERROR - ----------------------------------------
2025-11-08 16:47:57 - vasttamsserver.core.utils:404:log_pydantic_validation_error - ERROR - Input Data:
2025-11-08 16:47:57 - vasttamsserver.core.utils:418:log_pydantic_validation_error - ERROR - {
  "source_id": "cf4385ce-8d85-40f6-9db1-2b9dea2f29a7",
  "id": "41f9b3ff-5c9e-4952-a998-e7e17d588b1a",
  "format": "urn:x-nmos:format:video",
  "codec": "video/h264",
  "label": "Integration Test Flow"
}
2025-11-08 16:47:57 - vasttamsserver.core.utils:423:log_pydantic_validation_error - ERROR - ----------------------------------------
2025-11-08 16:47:57 - vasttamsserver.core.utils:424:log_pydantic_validation_error - ERROR - Raw Pydantic Error:
2025-11-08 16:47:57 - vasttamsserver.core.utils:427:log_pydantic_validation_error - ERROR - Error type: RequestValidationError
2025-11-08 16:47:57 - vasttamsserver.core.utils:428:log_pydantic_validation_error - ERROR - Error message: [{'type': 'missing', 'loc': ('body', 'urn:x-nmos:format:video', 'essence_parameters'), 'msg': 'Field required', 'input': {'source_id': 'cf4385ce-8d85-40f6-9db1-2b9dea2f29a7', 'id': '41f9b3ff-5c9e-4952-a998-e7e17d588b1a', 'format': 'urn:x-nmos:format:video', 'codec': 'video/h264', 'label': 'Integration Test Flow'}}]
2025-11-08 16:47:57 - vasttamsserver.core.utils:431:log_pydantic_validation_error - ERROR - Error 0: {'type': 'missing', 'loc': ('body', 'urn:x-nmos:format:video', 'essence_parameters'), 'msg': 'Field required', 'input': {'source_id': 'cf4385ce-8d85-40f6-9db1-2b9dea2f29a7', 'id': '41f9b3ff-5c9e-4952-a998-e7e17d588b1a', 'format': 'urn:x-nmos:format:video', 'codec': 'video/h264', 'label': 'Integration Test Flow'}}
2025-11-08 16:47:57 - vasttamsserver.core.utils:435:log_pydantic_validation_error - ERROR - ================================================================================
2025-11-08 16:48:16 - vasttamsserver.core.utils:390:log_pydantic_validation_error - ERROR - ================================================================================
2025-11-08 16:48:16 - vasttamsserver.core.utils:391:log_pydantic_validation_error - ERROR - PYDANTIC VALIDATION ERROR
2025-11-08 16:48:16 - vasttamsserver.core.utils:392:log_pydantic_validation_error - ERROR - ================================================================================
2025-11-08 16:48:16 - vasttamsserver.core.utils:393:log_pydantic_validation_error - ERROR - Context: POST /flows
2025-11-08 16:48:16 - vasttamsserver.core.utils:395:log_pydantic_validation_error - ERROR - Model: Request
2025-11-08 16:48:16 - vasttamsserver.core.utils:396:log_pydantic_validation_error - ERROR - Error Count: 1
2025-11-08 16:48:16 - vasttamsserver.core.utils:397:log_pydantic_validation_error - ERROR - ----------------------------------------
2025-11-08 16:48:16 - vasttamsserver.core.utils:400:log_pydantic_validation_error - ERROR -   • Field 'body -> urn:x-nmos:format:video -> essence_parameters': Field required (got: {'source_id': '4eb2a283-0fb6-48c2-b0fc-20410141732a', 'id': 'e003460b-cdcc-49d5-94ac-dfdebcfa4c01', 'format': 'urn:x-nmos:format:video', 'codec': 'video/h264', 'label': 'Integration Test Flow'}, type: missing)
2025-11-08 16:48:16 - vasttamsserver.core.utils:403:log_pydantic_validation_error - ERROR - ----------------------------------------
2025-11-08 16:48:16 - vasttamsserver.core.utils:404:log_pydantic_validation_error - ERROR - Input Data:
2025-11-08 16:48:16 - vasttamsserver.core.utils:418:log_pydantic_validation_error - ERROR - {
  "source_id": "4eb2a283-0fb6-48c2-b0fc-20410141732a",
  "id": "e003460b-cdcc-49d5-94ac-dfdebcfa4c01",
  "format": "urn:x-nmos:format:video",
  "codec": "video/h264",
  "label": "Integration Test Flow"
}
2025-11-08 16:48:16 - vasttamsserver.core.utils:423:log_pydantic_validation_error - ERROR - ----------------------------------------
2025-11-08 16:48:16 - vasttamsserver.core.utils:424:log_pydantic_validation_error - ERROR - Raw Pydantic Error:
2025-11-08 16:48:16 - vasttamsserver.core.utils:427:log_pydantic_validation_error - ERROR - Error type: RequestValidationError
2025-11-08 16:48:16 - vasttamsserver.core.utils:428:log_pydantic_validation_error - ERROR - Error message: [{'type': 'missing', 'loc': ('body', 'urn:x-nmos:format:video', 'essence_parameters'), 'msg': 'Field required', 'input': {'source_id': '4eb2a283-0fb6-48c2-b0fc-20410141732a', 'id': 'e003460b-cdcc-49d5-94ac-dfdebcfa4c01', 'format': 'urn:x-nmos:format:video', 'codec': 'video/h264', 'label': 'Integration Test Flow'}}]
2025-11-08 16:48:16 - vasttamsserver.core.utils:431:log_pydantic_validation_error - ERROR - Error 0: {'type': 'missing', 'loc': ('body', 'urn:x-nmos:format:video', 'essence_parameters'), 'msg': 'Field required', 'input': {'source_id': '4eb2a283-0fb6-48c2-b0fc-20410141732a', 'id': 'e003460b-cdcc-49d5-94ac-dfdebcfa4c01', 'format': 'urn:x-nmos:format:video', 'codec': 'video/h264', 'label': 'Integration Test Flow'}}
2025-11-08 16:48:16 - vasttamsserver.core.utils:435:log_pydantic_validation_error - ERROR - ================================================================================
2025-11-08 16:49:11 - vasttamsserver.core.utils:390:log_pydantic_validation_error - ERROR - ================================================================================
2025-11-08 16:49:11 - vasttamsserver.core.utils:391:log_pydantic_validation_error - ERROR - PYDANTIC VALIDATION ERROR
2025-11-08 16:49:11 - vasttamsserver.core.utils:392:log_pydantic_validation_error - ERROR - ================================================================================
2025-11-08 16:49:11 - vasttamsserver.core.utils:393:log_pydantic_validation_error - ERROR - Context: POST /flows
2025-11-08 16:49:11 - vasttamsserver.core.utils:395:log_pydantic_validation_error - ERROR - Model: Request
2025-11-08 16:49:11 - vasttamsserver.core.utils:396:log_pydantic_validation_error - ERROR - Error Count: 1
2025-11-08 16:49:11 - vasttamsserver.core.utils:397:log_pydantic_validation_error - ERROR - ----------------------------------------
2025-11-08 16:49:11 - vasttamsserver.core.utils:400:log_pydantic_validation_error - ERROR -   • Field 'body -> urn:x-nmos:format:video -> essence_parameters': Field required (got: {'frame_width': 1920, 'frame_height': 1080, 'frame_rate': {'numerator': 25, 'denominator': 1}, 'source_id': 'a1481b7a-0f0a-489d-99da-90c647f0a716', 'id': 'ebf26f29-9593-4138-b84a-062fca87dc6f', 'format': 'urn:x-nmos:format:video', 'codec': 'video/h264', 'label': 'Test Flow Create'}, type: missing)
2025-11-08 16:49:11 - vasttamsserver.core.utils:403:log_pydantic_validation_error - ERROR - ----------------------------------------
2025-11-08 16:49:11 - vasttamsserver.core.utils:404:log_pydantic_validation_error - ERROR - Input Data:
2025-11-08 16:49:11 - vasttamsserver.core.utils:418:log_pydantic_validation_error - ERROR - {
  "frame_width": 1920,
  "frame_height": 1080,
  "frame_rate": {
    "numerator": 25,
    "denominator": 1
  },
  "source_id": "a1481b7a-0f0a-489d-99da-90c647f0a716",
  "id": "ebf26f29-9593-4138-b84a-062fca87dc6f",
  "format": "urn:x-nmos:format:video",
  "codec": "video/h264",
  "label": "Test Flow Create"
}
2025-11-08 16:49:11 - vasttamsserver.core.utils:423:log_pydantic_validation_error - ERROR - ----------------------------------------
2025-11-08 16:49:11 - vasttamsserver.core.utils:424:log_pydantic_validation_error - ERROR - Raw Pydantic Error:
2025-11-08 16:49:11 - vasttamsserver.core.utils:427:log_pydantic_validation_error - ERROR - Error type: RequestValidationError
2025-11-08 16:49:11 - vasttamsserver.core.utils:428:log_pydantic_validation_error - ERROR - Error message: [{'type': 'missing', 'loc': ('body', 'urn:x-nmos:format:video', 'essence_parameters'), 'msg': 'Field required', 'input': {'frame_width': 1920, 'frame_height': 1080, 'frame_rate': {'numerator': 25, 'denominator': 1}, 'source_id': 'a1481b7a-0f0a-489d-99da-90c647f0a716', 'id': 'ebf26f29-9593-4138-b84a-062fca87dc6f', 'format': 'urn:x-nmos:format:video', 'codec': 'video/h264', 'label': 'Test Flow Create'}}]
2025-11-08 16:49:11 - vasttamsserver.core.utils:431:log_pydantic_validation_error - ERROR - Error 0: {'type': 'missing', 'loc': ('body', 'urn:x-nmos:format:video', 'essence_parameters'), 'msg': 'Field required', 'input': {'frame_width': 1920, 'frame_height': 1080, 'frame_rate': {'numerator': 25, 'denominator': 1}, 'source_id': 'a1481b7a-0f0a-489d-99da-90c647f0a716', 'id': 'ebf26f29-9593-4138-b84a-062fca87dc6f', 'format': 'urn:x-nmos:format:video', 'codec': 'video/h264', 'label': 'Test Flow Create'}}
2025-11-08 16:49:11 - vasttamsserver.core.utils:435:log_pydantic_validation_error - ERROR - ================================================================================
2025-11-08 16:49:16 - vasttamsserver.core.utils:390:log_pydantic_validation_error - ERROR - ================================================================================
2025-11-08 16:49:16 - vasttamsserver.core.utils:391:log_pydantic_validation_error - ERROR - PYDANTIC VALIDATION ERROR
2025-11-08 16:49:16 - vasttamsserver.core.utils:392:log_pydantic_validation_error - ERROR - ================================================================================
2025-11-08 16:49:16 - vasttamsserver.core.utils:393:log_pydantic_validation_error - ERROR - Context: POST /flows
2025-11-08 16:49:16 - vasttamsserver.core.utils:395:log_pydantic_validation_error - ERROR - Model: Request
2025-11-08 16:49:16 - vasttamsserver.core.utils:396:log_pydantic_validation_error - ERROR - Error Count: 1
2025-11-08 16:49:16 - vasttamsserver.core.utils:397:log_pydantic_validation_error - ERROR - ----------------------------------------
2025-11-08 16:49:16 - vasttamsserver.core.utils:400:log_pydantic_validation_error - ERROR -   • Field 'body -> urn:x-nmos:format:video -> essence_parameters': Field required (got: {'frame_width': 1920, 'frame_height': 1080, 'frame_rate': {'numerator': 25, 'denominator': 1}, 'source_id': '178e342b-84e6-4014-8b35-98b36cc645be', 'id': '1cefad18-5421-4029-9773-4c24f2a7fb09', 'format': 'urn:x-nmos:format:video', 'codec': 'video/h264', 'label': 'Integration Test Flow'}, type: missing)
2025-11-08 16:49:16 - vasttamsserver.core.utils:403:log_pydantic_validation_error - ERROR - ----------------------------------------
2025-11-08 16:49:16 - vasttamsserver.core.utils:404:log_pydantic_validation_error - ERROR - Input Data:
2025-11-08 16:49:16 - vasttamsserver.core.utils:418:log_pydantic_validation_error - ERROR - {
  "frame_width": 1920,
  "frame_height": 1080,
  "frame_rate": {
    "numerator": 25,
    "denominator": 1
  },
  "source_id": "178e342b-84e6-4014-8b35-98b36cc645be",
  "id": "1cefad18-5421-4029-9773-4c24f2a7fb09",
  "format": "urn:x-nmos:format:video",
  "codec": "video/h264",
  "label": "Integration Test Flow"
}
2025-11-08 16:49:16 - vasttamsserver.core.utils:423:log_pydantic_validation_error - ERROR - ----------------------------------------
2025-11-08 16:49:16 - vasttamsserver.core.utils:424:log_pydantic_validation_error - ERROR - Raw Pydantic Error:
2025-11-08 16:49:16 - vasttamsserver.core.utils:427:log_pydantic_validation_error - ERROR - Error type: RequestValidationError
2025-11-08 16:49:16 - vasttamsserver.core.utils:428:log_pydantic_validation_error - ERROR - Error message: [{'type': 'missing', 'loc': ('body', 'urn:x-nmos:format:video', 'essence_parameters'), 'msg': 'Field required', 'input': {'frame_width': 1920, 'frame_height': 1080, 'frame_rate': {'numerator': 25, 'denominator': 1}, 'source_id': '178e342b-84e6-4014-8b35-98b36cc645be', 'id': '1cefad18-5421-4029-9773-4c24f2a7fb09', 'format': 'urn:x-nmos:format:video', 'codec': 'video/h264', 'label': 'Integration Test Flow'}}]
2025-11-08 16:49:16 - vasttamsserver.core.utils:431:log_pydantic_validation_error - ERROR - Error 0: {'type': 'missing', 'loc': ('body', 'urn:x-nmos:format:video', 'essence_parameters'), 'msg': 'Field required', 'input': {'frame_width': 1920, 'frame_height': 1080, 'frame_rate': {'numerator': 25, 'denominator': 1}, 'source_id': '178e342b-84e6-4014-8b35-98b36cc645be', 'id': '1cefad18-5421-4029-9773-4c24f2a7fb09', 'format': 'urn:x-nmos:format:video', 'codec': 'video/h264', 'label': 'Integration Test Flow'}}
2025-11-08 16:49:16 - vasttamsserver.core.utils:435:log_pydantic_validation_error - ERROR - ================================================================================
2025-11-08 16:49:20 - vasttamsserver.core.utils:390:log_pydantic_validation_error - ERROR - ================================================================================
2025-11-08 16:49:20 - vasttamsserver.core.utils:391:log_pydantic_validation_error - ERROR - PYDANTIC VALIDATION ERROR
2025-11-08 16:49:20 - vasttamsserver.core.utils:392:log_pydantic_validation_error - ERROR - ================================================================================
2025-11-08 16:49:20 - vasttamsserver.core.utils:393:log_pydantic_validation_error - ERROR - Context: POST /flows
2025-11-08 16:49:20 - vasttamsserver.core.utils:395:log_pydantic_validation_error - ERROR - Model: Request
2025-11-08 16:49:20 - vasttamsserver.core.utils:396:log_pydantic_validation_error - ERROR - Error Count: 1
2025-11-08 16:49:20 - vasttamsserver.core.utils:397:log_pydantic_validation_error - ERROR - ----------------------------------------
2025-11-08 16:49:20 - vasttamsserver.core.utils:400:log_pydantic_validation_error - ERROR -   • Field 'body -> urn:x-nmos:format:video -> essence_parameters': Field required (got: {'frame_width': 1920, 'frame_height': 1080, 'frame_rate': {'numerator': 25, 'denominator': 1}, 'source_id': 'f54186f2-429a-40e0-b58e-7e448f3cc15a', 'id': '50def26a-71a4-4a29-a3ed-ee0d45dbc025', 'format': 'urn:x-nmos:format:video', 'codec': 'video/h264', 'label': 'Integration Test Flow'}, type: missing)
2025-11-08 16:49:20 - vasttamsserver.core.utils:403:log_pydantic_validation_error - ERROR - ----------------------------------------
2025-11-08 16:49:20 - vasttamsserver.core.utils:404:log_pydantic_validation_error - ERROR - Input Data:
2025-11-08 16:49:20 - vasttamsserver.core.utils:418:log_pydantic_validation_error - ERROR - {
  "frame_width": 1920,
  "frame_height": 1080,
  "frame_rate": {
    "numerator": 25,
    "denominator": 1
  },
  "source_id": "f54186f2-429a-40e0-b58e-7e448f3cc15a",
  "id": "50def26a-71a4-4a29-a3ed-ee0d45dbc025",
  "format": "urn:x-nmos:format:video",
  "codec": "video/h264",
  "label": "Integration Test Flow"
}
2025-11-08 16:49:20 - vasttamsserver.core.utils:423:log_pydantic_validation_error - ERROR - ----------------------------------------
2025-11-08 16:49:20 - vasttamsserver.core.utils:424:log_pydantic_validation_error - ERROR - Raw Pydantic Error:
2025-11-08 16:49:20 - vasttamsserver.core.utils:427:log_pydantic_validation_error - ERROR - Error type: RequestValidationError
2025-11-08 16:49:20 - vasttamsserver.core.utils:428:log_pydantic_validation_error - ERROR - Error message: [{'type': 'missing', 'loc': ('body', 'urn:x-nmos:format:video', 'essence_parameters'), 'msg': 'Field required', 'input': {'frame_width': 1920, 'frame_height': 1080, 'frame_rate': {'numerator': 25, 'denominator': 1}, 'source_id': 'f54186f2-429a-40e0-b58e-7e448f3cc15a', 'id': '50def26a-71a4-4a29-a3ed-ee0d45dbc025', 'format': 'urn:x-nmos:format:video', 'codec': 'video/h264', 'label': 'Integration Test Flow'}}]
2025-11-08 16:49:20 - vasttamsserver.core.utils:431:log_pydantic_validation_error - ERROR - Error 0: {'type': 'missing', 'loc': ('body', 'urn:x-nmos:format:video', 'essence_parameters'), 'msg': 'Field required', 'input': {'frame_width': 1920, 'frame_height': 1080, 'frame_rate': {'numerator': 25, 'denominator': 1}, 'source_id': 'f54186f2-429a-40e0-b58e-7e448f3cc15a', 'id': '50def26a-71a4-4a29-a3ed-ee0d45dbc025', 'format': 'urn:x-nmos:format:video', 'codec': 'video/h264', 'label': 'Integration Test Flow'}}
2025-11-08 16:49:20 - vasttamsserver.core.utils:435:log_pydantic_validation_error - ERROR - ================================================================================
2025-11-08 16:49:24 - vasttamsserver.core.utils:390:log_pydantic_validation_error - ERROR - ================================================================================
2025-11-08 16:49:24 - vasttamsserver.core.utils:391:log_pydantic_validation_error - ERROR - PYDANTIC VALIDATION ERROR
2025-11-08 16:49:24 - vasttamsserver.core.utils:392:log_pydantic_validation_error - ERROR - ================================================================================
2025-11-08 16:49:24 - vasttamsserver.core.utils:393:log_pydantic_validation_error - ERROR - Context: POST /flows
2025-11-08 16:49:24 - vasttamsserver.core.utils:395:log_pydantic_validation_error - ERROR - Model: Request
2025-11-08 16:49:24 - vasttamsserver.core.utils:396:log_pydantic_validation_error - ERROR - Error Count: 1
2025-11-08 16:49:24 - vasttamsserver.core.utils:397:log_pydantic_validation_error - ERROR - ----------------------------------------
2025-11-08 16:49:24 - vasttamsserver.core.utils:400:log_pydantic_validation_error - ERROR -   • Field 'body -> urn:x-nmos:format:video -> essence_parameters': Field required (got: {'frame_width': 1920, 'frame_height': 1080, 'frame_rate': {'numerator': 25, 'denominator': 1}, 'source_id': '66d5fb2e-d8ac-4b10-aec2-9f9e83e9dc8b', 'id': '232bf95f-2d3e-4c06-841a-5e4af06f8ae2', 'format': 'urn:x-nmos:format:video', 'codec': 'video/h264', 'label': 'Integration Test Flow'}, type: missing)
2025-11-08 16:49:24 - vasttamsserver.core.utils:403:log_pydantic_validation_error - ERROR - ----------------------------------------
2025-11-08 16:49:24 - vasttamsserver.core.utils:404:log_pydantic_validation_error - ERROR - Input Data:
2025-11-08 16:49:24 - vasttamsserver.core.utils:418:log_pydantic_validation_error - ERROR - {
  "frame_width": 1920,
  "frame_height": 1080,
  "frame_rate": {
    "numerator": 25,
    "denominator": 1
  },
  "source_id": "66d5fb2e-d8ac-4b10-aec2-9f9e83e9dc8b",
  "id": "232bf95f-2d3e-4c06-841a-5e4af06f8ae2",
  "format": "urn:x-nmos:format:video",
  "codec": "video/h264",
  "label": "Integration Test Flow"
}
2025-11-08 16:49:24 - vasttamsserver.core.utils:423:log_pydantic_validation_error - ERROR - ----------------------------------------
2025-11-08 16:49:24 - vasttamsserver.core.utils:424:log_pydantic_validation_error - ERROR - Raw Pydantic Error:
2025-11-08 16:49:24 - vasttamsserver.core.utils:427:log_pydantic_validation_error - ERROR - Error type: RequestValidationError
2025-11-08 16:49:24 - vasttamsserver.core.utils:428:log_pydantic_validation_error - ERROR - Error message: [{'type': 'missing', 'loc': ('body', 'urn:x-nmos:format:video', 'essence_parameters'), 'msg': 'Field required', 'input': {'frame_width': 1920, 'frame_height': 1080, 'frame_rate': {'numerator': 25, 'denominator': 1}, 'source_id': '66d5fb2e-d8ac-4b10-aec2-9f9e83e9dc8b', 'id': '232bf95f-2d3e-4c06-841a-5e4af06f8ae2', 'format': 'urn:x-nmos:format:video', 'codec': 'video/h264', 'label': 'Integration Test Flow'}}]
2025-11-08 16:49:24 - vasttamsserver.core.utils:431:log_pydantic_validation_error - ERROR - Error 0: {'type': 'missing', 'loc': ('body', 'urn:x-nmos:format:video', 'essence_parameters'), 'msg': 'Field required', 'input': {'frame_width': 1920, 'frame_height': 1080, 'frame_rate': {'numerator': 25, 'denominator': 1}, 'source_id': '66d5fb2e-d8ac-4b10-aec2-9f9e83e9dc8b', 'id': '232bf95f-2d3e-4c06-841a-5e4af06f8ae2', 'format': 'urn:x-nmos:format:video', 'codec': 'video/h264', 'label': 'Integration Test Flow'}}
2025-11-08 16:49:24 - vasttamsserver.core.utils:435:log_pydantic_validation_error - ERROR - ================================================================================
2025-11-08 16:49:30 - vasttamsserver.core.utils:390:log_pydantic_validation_error - ERROR - ================================================================================
2025-11-08 16:49:30 - vasttamsserver.core.utils:391:log_pydantic_validation_error - ERROR - PYDANTIC VALIDATION ERROR
2025-11-08 16:49:30 - vasttamsserver.core.utils:392:log_pydantic_validation_error - ERROR - ================================================================================
2025-11-08 16:49:30 - vasttamsserver.core.utils:393:log_pydantic_validation_error - ERROR - Context: POST /flows
2025-11-08 16:49:30 - vasttamsserver.core.utils:395:log_pydantic_validation_error - ERROR - Model: Request
2025-11-08 16:49:30 - vasttamsserver.core.utils:396:log_pydantic_validation_error - ERROR - Error Count: 1
2025-11-08 16:49:30 - vasttamsserver.core.utils:397:log_pydantic_validation_error - ERROR - ----------------------------------------
2025-11-08 16:49:30 - vasttamsserver.core.utils:400:log_pydantic_validation_error - ERROR -   • Field 'body -> urn:x-nmos:format:video -> essence_parameters': Field required (got: {'frame_width': 1920, 'frame_height': 1080, 'frame_rate': {'numerator': 25, 'denominator': 1}, 'source_id': 'ba18b4cd-ee65-4faf-9a7b-1bd99b5a4ccb', 'id': 'd8a1a13e-61f1-42d0-99ba-b28146e78c12', 'format': 'urn:x-nmos:format:video', 'codec': 'video/h264', 'label': 'Integration Test Flow'}, type: missing)
2025-11-08 16:49:30 - vasttamsserver.core.utils:403:log_pydantic_validation_error - ERROR - ----------------------------------------
2025-11-08 16:49:30 - vasttamsserver.core.utils:404:log_pydantic_validation_error - ERROR - Input Data:
2025-11-08 16:49:30 - vasttamsserver.core.utils:418:log_pydantic_validation_error - ERROR - {
  "frame_width": 1920,
  "frame_height": 1080,
  "frame_rate": {
    "numerator": 25,
    "denominator": 1
  },
  "source_id": "ba18b4cd-ee65-4faf-9a7b-1bd99b5a4ccb",
  "id": "d8a1a13e-61f1-42d0-99ba-b28146e78c12",
  "format": "urn:x-nmos:format:video",
  "codec": "video/h264",
  "label": "Integration Test Flow"
}
2025-11-08 16:49:30 - vasttamsserver.core.utils:423:log_pydantic_validation_error - ERROR - ----------------------------------------
2025-11-08 16:49:30 - vasttamsserver.core.utils:424:log_pydantic_validation_error - ERROR - Raw Pydantic Error:
2025-11-08 16:49:30 - vasttamsserver.core.utils:427:log_pydantic_validation_error - ERROR - Error type: RequestValidationError
2025-11-08 16:49:30 - vasttamsserver.core.utils:428:log_pydantic_validation_error - ERROR - Error message: [{'type': 'missing', 'loc': ('body', 'urn:x-nmos:format:video', 'essence_parameters'), 'msg': 'Field required', 'input': {'frame_width': 1920, 'frame_height': 1080, 'frame_rate': {'numerator': 25, 'denominator': 1}, 'source_id': 'ba18b4cd-ee65-4faf-9a7b-1bd99b5a4ccb', 'id': 'd8a1a13e-61f1-42d0-99ba-b28146e78c12', 'format': 'urn:x-nmos:format:video', 'codec': 'video/h264', 'label': 'Integration Test Flow'}}]
2025-11-08 16:49:30 - vasttamsserver.core.utils:431:log_pydantic_validation_error - ERROR - Error 0: {'type': 'missing', 'loc': ('body', 'urn:x-nmos:format:video', 'essence_parameters'), 'msg': 'Field required', 'input': {'frame_width': 1920, 'frame_height': 1080, 'frame_rate': {'numerator': 25, 'denominator': 1}, 'source_id': 'ba18b4cd-ee65-4faf-9a7b-1bd99b5a4ccb', 'id': 'd8a1a13e-61f1-42d0-99ba-b28146e78c12', 'format': 'urn:x-nmos:format:video', 'codec': 'video/h264', 'label': 'Integration Test Flow'}}
2025-11-08 16:49:30 - vasttamsserver.core.utils:435:log_pydantic_validation_error - ERROR - ================================================================================
2025-11-08 16:49:34 - vasttamsserver.core.utils:390:log_pydantic_validation_error - ERROR - ================================================================================
2025-11-08 16:49:34 - vasttamsserver.core.utils:391:log_pydantic_validation_error - ERROR - PYDANTIC VALIDATION ERROR
2025-11-08 16:49:34 - vasttamsserver.core.utils:392:log_pydantic_validation_error - ERROR - ================================================================================
2025-11-08 16:49:34 - vasttamsserver.core.utils:393:log_pydantic_validation_error - ERROR - Context: POST /flows
2025-11-08 16:49:34 - vasttamsserver.core.utils:395:log_pydantic_validation_error - ERROR - Model: Request
2025-11-08 16:49:34 - vasttamsserver.core.utils:396:log_pydantic_validation_error - ERROR - Error Count: 1
2025-11-08 16:49:34 - vasttamsserver.core.utils:397:log_pydantic_validation_error - ERROR - ----------------------------------------
2025-11-08 16:49:34 - vasttamsserver.core.utils:400:log_pydantic_validation_error - ERROR -   • Field 'body -> urn:x-nmos:format:video -> essence_parameters': Field required (got: {'frame_width': 1920, 'frame_height': 1080, 'frame_rate': {'numerator': 25, 'denominator': 1}, 'source_id': 'ff03a1cd-ffa0-48ed-b6b4-c30ca629e59c', 'id': '05ddc21e-9fe9-4bb2-804a-0d310e69b1f2', 'format': 'urn:x-nmos:format:video', 'codec': 'video/h264', 'label': 'Integration Test Flow'}, type: missing)
2025-11-08 16:49:34 - vasttamsserver.core.utils:403:log_pydantic_validation_error - ERROR - ----------------------------------------
2025-11-08 16:49:34 - vasttamsserver.core.utils:404:log_pydantic_validation_error - ERROR - Input Data:
2025-11-08 16:49:34 - vasttamsserver.core.utils:418:log_pydantic_validation_error - ERROR - {
  "frame_width": 1920,
  "frame_height": 1080,
  "frame_rate": {
    "numerator": 25,
    "denominator": 1
  },
  "source_id": "ff03a1cd-ffa0-48ed-b6b4-c30ca629e59c",
  "id": "05ddc21e-9fe9-4bb2-804a-0d310e69b1f2",
  "format": "urn:x-nmos:format:video",
  "codec": "video/h264",
  "label": "Integration Test Flow"
}
2025-11-08 16:49:34 - vasttamsserver.core.utils:423:log_pydantic_validation_error - ERROR - ----------------------------------------
2025-11-08 16:49:34 - vasttamsserver.core.utils:424:log_pydantic_validation_error - ERROR - Raw Pydantic Error:
2025-11-08 16:49:34 - vasttamsserver.core.utils:427:log_pydantic_validation_error - ERROR - Error type: RequestValidationError
2025-11-08 16:49:34 - vasttamsserver.core.utils:428:log_pydantic_validation_error - ERROR - Error message: [{'type': 'missing', 'loc': ('body', 'urn:x-nmos:format:video', 'essence_parameters'), 'msg': 'Field required', 'input': {'frame_width': 1920, 'frame_height': 1080, 'frame_rate': {'numerator': 25, 'denominator': 1}, 'source_id': 'ff03a1cd-ffa0-48ed-b6b4-c30ca629e59c', 'id': '05ddc21e-9fe9-4bb2-804a-0d310e69b1f2', 'format': 'urn:x-nmos:format:video', 'codec': 'video/h264', 'label': 'Integration Test Flow'}}]
2025-11-08 16:49:34 - vasttamsserver.core.utils:431:log_pydantic_validation_error - ERROR - Error 0: {'type': 'missing', 'loc': ('body', 'urn:x-nmos:format:video', 'essence_parameters'), 'msg': 'Field required', 'input': {'frame_width': 1920, 'frame_height': 1080, 'frame_rate': {'numerator': 25, 'denominator': 1}, 'source_id': 'ff03a1cd-ffa0-48ed-b6b4-c30ca629e59c', 'id': '05ddc21e-9fe9-4bb2-804a-0d310e69b1f2', 'format': 'urn:x-nmos:format:video', 'codec': 'video/h264', 'label': 'Integration Test Flow'}}
2025-11-08 16:49:34 - vasttamsserver.core.utils:435:log_pydantic_validation_error - ERROR - ================================================================================
2025-11-08 16:49:38 - vasttamsserver.core.utils:390:log_pydantic_validation_error - ERROR - ================================================================================
2025-11-08 16:49:38 - vasttamsserver.core.utils:391:log_pydantic_validation_error - ERROR - PYDANTIC VALIDATION ERROR
2025-11-08 16:49:38 - vasttamsserver.core.utils:392:log_pydantic_validation_error - ERROR - ================================================================================
2025-11-08 16:49:38 - vasttamsserver.core.utils:393:log_pydantic_validation_error - ERROR - Context: POST /flows
2025-11-08 16:49:38 - vasttamsserver.core.utils:395:log_pydantic_validation_error - ERROR - Model: Request
2025-11-08 16:49:38 - vasttamsserver.core.utils:396:log_pydantic_validation_error - ERROR - Error Count: 1
2025-11-08 16:49:38 - vasttamsserver.core.utils:397:log_pydantic_validation_error - ERROR - ----------------------------------------
2025-11-08 16:49:38 - vasttamsserver.core.utils:400:log_pydantic_validation_error - ERROR -   • Field 'body -> urn:x-nmos:format:video -> essence_parameters': Field required (got: {'frame_width': 1920, 'frame_height': 1080, 'frame_rate': {'numerator': 25, 'denominator': 1}, 'source_id': 'f1825a82-b5cb-414a-bc12-6a1b76150d26', 'id': 'e98ceb57-cf52-4e75-95b9-67e565d97fc8', 'format': 'urn:x-nmos:format:video', 'codec': 'video/h264', 'label': 'Workflow Test Flow'}, type: missing)
2025-11-08 16:49:38 - vasttamsserver.core.utils:403:log_pydantic_validation_error - ERROR - ----------------------------------------
2025-11-08 16:49:38 - vasttamsserver.core.utils:404:log_pydantic_validation_error - ERROR - Input Data:
2025-11-08 16:49:38 - vasttamsserver.core.utils:418:log_pydantic_validation_error - ERROR - {
  "frame_width": 1920,
  "frame_height": 1080,
  "frame_rate": {
    "numerator": 25,
    "denominator": 1
  },
  "source_id": "f1825a82-b5cb-414a-bc12-6a1b76150d26",
  "id": "e98ceb57-cf52-4e75-95b9-67e565d97fc8",
  "format": "urn:x-nmos:format:video",
  "codec": "video/h264",
  "label": "Workflow Test Flow"
}
2025-11-08 16:49:38 - vasttamsserver.core.utils:423:log_pydantic_validation_error - ERROR - ----------------------------------------
2025-11-08 16:49:38 - vasttamsserver.core.utils:424:log_pydantic_validation_error - ERROR - Raw Pydantic Error:
2025-11-08 16:49:38 - vasttamsserver.core.utils:427:log_pydantic_validation_error - ERROR - Error type: RequestValidationError
2025-11-08 16:49:38 - vasttamsserver.core.utils:428:log_pydantic_validation_error - ERROR - Error message: [{'type': 'missing', 'loc': ('body', 'urn:x-nmos:format:video', 'essence_parameters'), 'msg': 'Field required', 'input': {'frame_width': 1920, 'frame_height': 1080, 'frame_rate': {'numerator': 25, 'denominator': 1}, 'source_id': 'f1825a82-b5cb-414a-bc12-6a1b76150d26', 'id': 'e98ceb57-cf52-4e75-95b9-67e565d97fc8', 'format': 'urn:x-nmos:format:video', 'codec': 'video/h264', 'label': 'Workflow Test Flow'}}]
2025-11-08 16:49:38 - vasttamsserver.core.utils:431:log_pydantic_validation_error - ERROR - Error 0: {'type': 'missing', 'loc': ('body', 'urn:x-nmos:format:video', 'essence_parameters'), 'msg': 'Field required', 'input': {'frame_width': 1920, 'frame_height': 1080, 'frame_rate': {'numerator': 25, 'denominator': 1}, 'source_id': 'f1825a82-b5cb-414a-bc12-6a1b76150d26', 'id': 'e98ceb57-cf52-4e75-95b9-67e565d97fc8', 'format': 'urn:x-nmos:format:video', 'codec': 'video/h264', 'label': 'Workflow Test Flow'}}
2025-11-08 16:49:38 - vasttamsserver.core.utils:435:log_pydantic_validation_error - ERROR - ================================================================================
2025-11-08 16:49:40 - vasttamsserver.core.utils:390:log_pydantic_validation_error - ERROR - ================================================================================
2025-11-08 16:49:40 - vasttamsserver.core.utils:391:log_pydantic_validation_error - ERROR - PYDANTIC VALIDATION ERROR
2025-11-08 16:49:40 - vasttamsserver.core.utils:392:log_pydantic_validation_error - ERROR - ================================================================================
2025-11-08 16:49:40 - vasttamsserver.core.utils:393:log_pydantic_validation_error - ERROR - Context: POST /flows
2025-11-08 16:49:40 - vasttamsserver.core.utils:395:log_pydantic_validation_error - ERROR - Model: Request
2025-11-08 16:49:40 - vasttamsserver.core.utils:396:log_pydantic_validation_error - ERROR - Error Count: 1
2025-11-08 16:49:40 - vasttamsserver.core.utils:397:log_pydantic_validation_error - ERROR - ----------------------------------------
2025-11-08 16:49:40 - vasttamsserver.core.utils:400:log_pydantic_validation_error - ERROR -   • Field 'body -> urn:x-nmos:format:video -> essence_parameters': Field required (got: {'frame_width': 1920, 'frame_height': 1080, 'frame_rate': {'numerator': 25, 'denominator': 1}, 'source_id': 'bfe76082-880a-46e2-8f10-6d6692beb755', 'id': 'b9aeedd9-faab-46d2-a782-632973a716d2', 'format': 'urn:x-nmos:format:video', 'codec': 'video/h264', 'label': 'Flow 1'}, type: missing)
2025-11-08 16:49:40 - vasttamsserver.core.utils:403:log_pydantic_validation_error - ERROR - ----------------------------------------
2025-11-08 16:49:40 - vasttamsserver.core.utils:404:log_pydantic_validation_error - ERROR - Input Data:
2025-11-08 16:49:40 - vasttamsserver.core.utils:418:log_pydantic_validation_error - ERROR - {
  "frame_width": 1920,
  "frame_height": 1080,
  "frame_rate": {
    "numerator": 25,
    "denominator": 1
  },
  "source_id": "bfe76082-880a-46e2-8f10-6d6692beb755",
  "id": "b9aeedd9-faab-46d2-a782-632973a716d2",
  "format": "urn:x-nmos:format:video",
  "codec": "video/h264",
  "label": "Flow 1"
}
2025-11-08 16:49:40 - vasttamsserver.core.utils:423:log_pydantic_validation_error - ERROR - ----------------------------------------
2025-11-08 16:49:40 - vasttamsserver.core.utils:424:log_pydantic_validation_error - ERROR - Raw Pydantic Error:
2025-11-08 16:49:40 - vasttamsserver.core.utils:427:log_pydantic_validation_error - ERROR - Error type: RequestValidationError
2025-11-08 16:49:40 - vasttamsserver.core.utils:428:log_pydantic_validation_error - ERROR - Error message: [{'type': 'missing', 'loc': ('body', 'urn:x-nmos:format:video', 'essence_parameters'), 'msg': 'Field required', 'input': {'frame_width': 1920, 'frame_height': 1080, 'frame_rate': {'numerator': 25, 'denominator': 1}, 'source_id': 'bfe76082-880a-46e2-8f10-6d6692beb755', 'id': 'b9aeedd9-faab-46d2-a782-632973a716d2', 'format': 'urn:x-nmos:format:video', 'codec': 'video/h264', 'label': 'Flow 1'}}]
2025-11-08 16:49:40 - vasttamsserver.core.utils:431:log_pydantic_validation_error - ERROR - Error 0: {'type': 'missing', 'loc': ('body', 'urn:x-nmos:format:video', 'essence_parameters'), 'msg': 'Field required', 'input': {'frame_width': 1920, 'frame_height': 1080, 'frame_rate': {'numerator': 25, 'denominator': 1}, 'source_id': 'bfe76082-880a-46e2-8f10-6d6692beb755', 'id': 'b9aeedd9-faab-46d2-a782-632973a716d2', 'format': 'urn:x-nmos:format:video', 'codec': 'video/h264', 'label': 'Flow 1'}}
2025-11-08 16:49:40 - vasttamsserver.core.utils:435:log_pydantic_validation_error - ERROR - ================================================================================
2025-11-08 16:49:43 - vasttamsserver.core.utils:390:log_pydantic_validation_error - ERROR - ================================================================================
2025-11-08 16:49:43 - vasttamsserver.core.utils:391:log_pydantic_validation_error - ERROR - PYDANTIC VALIDATION ERROR
2025-11-08 16:49:43 - vasttamsserver.core.utils:392:log_pydantic_validation_error - ERROR - ================================================================================
2025-11-08 16:49:43 - vasttamsserver.core.utils:393:log_pydantic_validation_error - ERROR - Context: POST /flows
2025-11-08 16:49:43 - vasttamsserver.core.utils:395:log_pydantic_validation_error - ERROR - Model: Request
2025-11-08 16:49:43 - vasttamsserver.core.utils:396:log_pydantic_validation_error - ERROR - Error Count: 1
2025-11-08 16:49:43 - vasttamsserver.core.utils:397:log_pydantic_validation_error - ERROR - ----------------------------------------
2025-11-08 16:49:43 - vasttamsserver.core.utils:400:log_pydantic_validation_error - ERROR -   • Field 'body -> urn:x-nmos:format:video -> essence_parameters': Field required (got: {'frame_width': 1920, 'frame_height': 1080, 'frame_rate': {'numerator': 25, 'denominator': 1}, 'source_id': '390976a4-59f9-4bc6-bdcb-6cbbc9763ba9', 'id': '6055da38-0a88-4dd1-bca7-3816c79d518f', 'format': 'urn:x-nmos:format:video', 'codec': 'video/h264', 'label': 'Integration Test Flow'}, type: missing)
2025-11-08 16:49:43 - vasttamsserver.core.utils:403:log_pydantic_validation_error - ERROR - ----------------------------------------
2025-11-08 16:49:43 - vasttamsserver.core.utils:404:log_pydantic_validation_error - ERROR - Input Data:
2025-11-08 16:49:43 - vasttamsserver.core.utils:418:log_pydantic_validation_error - ERROR - {
  "frame_width": 1920,
  "frame_height": 1080,
  "frame_rate": {
    "numerator": 25,
    "denominator": 1
  },
  "source_id": "390976a4-59f9-4bc6-bdcb-6cbbc9763ba9",
  "id": "6055da38-0a88-4dd1-bca7-3816c79d518f",
  "format": "urn:x-nmos:format:video",
  "codec": "video/h264",
  "label": "Integration Test Flow"
}
2025-11-08 16:49:43 - vasttamsserver.core.utils:423:log_pydantic_validation_error - ERROR - ----------------------------------------
2025-11-08 16:49:43 - vasttamsserver.core.utils:424:log_pydantic_validation_error - ERROR - Raw Pydantic Error:
2025-11-08 16:49:43 - vasttamsserver.core.utils:427:log_pydantic_validation_error - ERROR - Error type: RequestValidationError
2025-11-08 16:49:43 - vasttamsserver.core.utils:428:log_pydantic_validation_error - ERROR - Error message: [{'type': 'missing', 'loc': ('body', 'urn:x-nmos:format:video', 'essence_parameters'), 'msg': 'Field required', 'input': {'frame_width': 1920, 'frame_height': 1080, 'frame_rate': {'numerator': 25, 'denominator': 1}, 'source_id': '390976a4-59f9-4bc6-bdcb-6cbbc9763ba9', 'id': '6055da38-0a88-4dd1-bca7-3816c79d518f', 'format': 'urn:x-nmos:format:video', 'codec': 'video/h264', 'label': 'Integration Test Flow'}}]
2025-11-08 16:49:43 - vasttamsserver.core.utils:431:log_pydantic_validation_error - ERROR - Error 0: {'type': 'missing', 'loc': ('body', 'urn:x-nmos:format:video', 'essence_parameters'), 'msg': 'Field required', 'input': {'frame_width': 1920, 'frame_height': 1080, 'frame_rate': {'numerator': 25, 'denominator': 1}, 'source_id': '390976a4-59f9-4bc6-bdcb-6cbbc9763ba9', 'id': '6055da38-0a88-4dd1-bca7-3816c79d518f', 'format': 'urn:x-nmos:format:video', 'codec': 'video/h264', 'label': 'Integration Test Flow'}}
2025-11-08 16:49:43 - vasttamsserver.core.utils:435:log_pydantic_validation_error - ERROR - ================================================================================
2025-11-08 17:23:19 - vasttamsserver.core.utils:390:log_pydantic_validation_error - ERROR - ================================================================================
2025-11-08 17:23:19 - vasttamsserver.core.utils:391:log_pydantic_validation_error - ERROR - PYDANTIC VALIDATION ERROR
2025-11-08 17:23:19 - vasttamsserver.core.utils:392:log_pydantic_validation_error - ERROR - ================================================================================
2025-11-08 17:23:19 - vasttamsserver.core.utils:393:log_pydantic_validation_error - ERROR - Context: POST /flows
2025-11-08 17:23:19 - vasttamsserver.core.utils:395:log_pydantic_validation_error - ERROR - Model: Request
2025-11-08 17:23:19 - vasttamsserver.core.utils:396:log_pydantic_validation_error - ERROR - Error Count: 1
2025-11-08 17:23:19 - vasttamsserver.core.utils:397:log_pydantic_validation_error - ERROR - ----------------------------------------
2025-11-08 17:23:19 - vasttamsserver.core.utils:400:log_pydantic_validation_error - ERROR -   • Field 'body -> urn:x-nmos:format:video -> essence_parameters': Field required (got: {'frame_width': 1920, 'frame_height': 1080, 'frame_rate': {'numerator': 25, 'denominator': 1}, 'source_id': '7bc29f36-683b-45c0-9258-1dfa74dc0a97', 'id': 'dbe326f4-d420-4a59-b3fe-6db1eafcd95a', 'format': 'urn:x-nmos:format:video', 'codec': 'video/h264', 'label': 'Integration Test Flow'}, type: missing)
2025-11-08 17:23:19 - vasttamsserver.core.utils:403:log_pydantic_validation_error - ERROR - ----------------------------------------
2025-11-08 17:23:19 - vasttamsserver.core.utils:404:log_pydantic_validation_error - ERROR - Input Data:
2025-11-08 17:23:19 - vasttamsserver.core.utils:418:log_pydantic_validation_error - ERROR - {
  "frame_width": 1920,
  "frame_height": 1080,
  "frame_rate": {
    "numerator": 25,
    "denominator": 1
  },
  "source_id": "7bc29f36-683b-45c0-9258-1dfa74dc0a97",
  "id": "dbe326f4-d420-4a59-b3fe-6db1eafcd95a",
  "format": "urn:x-nmos:format:video",
  "codec": "video/h264",
  "label": "Integration Test Flow"
}
2025-11-08 17:23:19 - vasttamsserver.core.utils:423:log_pydantic_validation_error - ERROR - ----------------------------------------
2025-11-08 17:23:19 - vasttamsserver.core.utils:424:log_pydantic_validation_error - ERROR - Raw Pydantic Error:
2025-11-08 17:23:19 - vasttamsserver.core.utils:427:log_pydantic_validation_error - ERROR - Error type: RequestValidationError
2025-11-08 17:23:19 - vasttamsserver.core.utils:428:log_pydantic_validation_error - ERROR - Error message: [{'type': 'missing', 'loc': ('body', 'urn:x-nmos:format:video', 'essence_parameters'), 'msg': 'Field required', 'input': {'frame_width': 1920, 'frame_height': 1080, 'frame_rate': {'numerator': 25, 'denominator': 1}, 'source_id': '7bc29f36-683b-45c0-9258-1dfa74dc0a97', 'id': 'dbe326f4-d420-4a59-b3fe-6db1eafcd95a', 'format': 'urn:x-nmos:format:video', 'codec': 'video/h264', 'label': 'Integration Test Flow'}}]
2025-11-08 17:23:19 - vasttamsserver.core.utils:431:log_pydantic_validation_error - ERROR - Error 0: {'type': 'missing', 'loc': ('body', 'urn:x-nmos:format:video', 'essence_parameters'), 'msg': 'Field required', 'input': {'frame_width': 1920, 'frame_height': 1080, 'frame_rate': {'numerator': 25, 'denominator': 1}, 'source_id': '7bc29f36-683b-45c0-9258-1dfa74dc0a97', 'id': 'dbe326f4-d420-4a59-b3fe-6db1eafcd95a', 'format': 'urn:x-nmos:format:video', 'codec': 'video/h264', 'label': 'Integration Test Flow'}}
2025-11-08 17:23:19 - vasttamsserver.core.utils:435:log_pydantic_validation_error - ERROR - ================================================================================
2025-11-09 10:41:30 - vasttamsserver.core.utils:390:log_pydantic_validation_error - ERROR - ================================================================================
2025-11-09 10:41:30 - vasttamsserver.core.utils:391:log_pydantic_validation_error - ERROR - PYDANTIC VALIDATION ERROR
2025-11-09 10:41:30 - vasttamsserver.core.utils:392:log_pydantic_validation_error - ERROR - ================================================================================
2025-11-09 10:41:30 - vasttamsserver.core.utils:393:log_pydantic_validation_error - ERROR - Context: POST /flows
2025-11-09 10:41:30 - vasttamsserver.core.utils:395:log_pydantic_validation_error - ERROR - Model: Request
2025-11-09 10:41:30 - vasttamsserver.core.utils:396:log_pydantic_validation_error - ERROR - Error Count: 1
2025-11-09 10:41:30 - vasttamsserver.core.utils:397:log_pydantic_validation_error - ERROR - ----------------------------------------
2025-11-09 10:41:30 - vasttamsserver.core.utils:400:log_pydantic_validation_error - ERROR -   • Field 'body -> urn:x-nmos:format:video -> essence_parameters': Field required (got: {'source_id': '94945812-da1d-4019-a378-25a6164c0abe', 'id': '3ef1b099-4566-4a0c-9afa-498eafdb4f15', 'format': 'urn:x-nmos:format:video', 'codec': 'video/h264', 'label': 'Test'}, type: missing)
2025-11-09 10:41:30 - vasttamsserver.core.utils:403:log_pydantic_validation_error - ERROR - ----------------------------------------
2025-11-09 10:41:30 - vasttamsserver.core.utils:404:log_pydantic_validation_error - ERROR - Input Data:
2025-11-09 10:41:30 - vasttamsserver.core.utils:418:log_pydantic_validation_error - ERROR - {
  "source_id": "94945812-da1d-4019-a378-25a6164c0abe",
  "id": "3ef1b099-4566-4a0c-9afa-498eafdb4f15",
  "format": "urn:x-nmos:format:video",
  "codec": "video/h264",
  "label": "Test"
}
2025-11-09 10:41:30 - vasttamsserver.core.utils:423:log_pydantic_validation_error - ERROR - ----------------------------------------
2025-11-09 10:41:30 - vasttamsserver.core.utils:424:log_pydantic_validation_error - ERROR - Raw Pydantic Error:
2025-11-09 10:41:30 - vasttamsserver.core.utils:427:log_pydantic_validation_error - ERROR - Error type: RequestValidationError
2025-11-09 10:41:30 - vasttamsserver.core.utils:428:log_pydantic_validation_error - ERROR - Error message: [{'type': 'missing', 'loc': ('body', 'urn:x-nmos:format:video', 'essence_parameters'), 'msg': 'Field required', 'input': {'source_id': '94945812-da1d-4019-a378-25a6164c0abe', 'id': '3ef1b099-4566-4a0c-9afa-498eafdb4f15', 'format': 'urn:x-nmos:format:video', 'codec': 'video/h264', 'label': 'Test'}}]
2025-11-09 10:41:30 - vasttamsserver.core.utils:431:log_pydantic_validation_error - ERROR - Error 0: {'type': 'missing', 'loc': ('body', 'urn:x-nmos:format:video', 'essence_parameters'), 'msg': 'Field required', 'input': {'source_id': '94945812-da1d-4019-a378-25a6164c0abe', 'id': '3ef1b099-4566-4a0c-9afa-498eafdb4f15', 'format': 'urn:x-nmos:format:video', 'codec': 'video/h264', 'label': 'Test'}}
2025-11-09 10:41:30 - vasttamsserver.core.utils:435:log_pydantic_validation_error - ERROR - ================================================================================
2025-11-09 10:59:07 - vasttamsserver.core.utils:390:log_pydantic_validation_error - ERROR - ================================================================================
2025-11-09 10:59:07 - vasttamsserver.core.utils:391:log_pydantic_validation_error - ERROR - PYDANTIC VALIDATION ERROR
2025-11-09 10:59:07 - vasttamsserver.core.utils:392:log_pydantic_validation_error - ERROR - ================================================================================
2025-11-09 10:59:07 - vasttamsserver.core.utils:393:log_pydantic_validation_error - ERROR - Context: PUT /flows/046c1452-cc00-490f-816a-7d72765ba253/tags/quality
2025-11-09 10:59:07 - vasttamsserver.core.utils:395:log_pydantic_validation_error - ERROR - Model: Request
2025-11-09 10:59:07 - vasttamsserver.core.utils:396:log_pydantic_validation_error - ERROR - Error Count: 1
2025-11-09 10:59:07 - vasttamsserver.core.utils:397:log_pydantic_validation_error - ERROR - ----------------------------------------
2025-11-09 10:59:07 - vasttamsserver.core.utils:400:log_pydantic_validation_error - ERROR -   • Field 'body': Input should be a valid string (got: ['hd', '4k'], type: string_type)
2025-11-09 10:59:07 - vasttamsserver.core.utils:403:log_pydantic_validation_error - ERROR - ----------------------------------------
2025-11-09 10:59:07 - vasttamsserver.core.utils:404:log_pydantic_validation_error - ERROR - Input Data:
2025-11-09 10:59:07 - vasttamsserver.core.utils:418:log_pydantic_validation_error - ERROR - [
  "hd",
  "4k"
]
2025-11-09 10:59:07 - vasttamsserver.core.utils:423:log_pydantic_validation_error - ERROR - ----------------------------------------
2025-11-09 10:59:07 - vasttamsserver.core.utils:424:log_pydantic_validation_error - ERROR - Raw Pydantic Error:
2025-11-09 10:59:07 - vasttamsserver.core.utils:427:log_pydantic_validation_error - ERROR - Error type: RequestValidationError
2025-11-09 10:59:07 - vasttamsserver.core.utils:428:log_pydantic_validation_error - ERROR - Error message: [{'type': 'string_type', 'loc': ('body',), 'msg': 'Input should be a valid string', 'input': ['hd', '4k']}]
2025-11-09 10:59:07 - vasttamsserver.core.utils:431:log_pydantic_validation_error - ERROR - Error 0: {'type': 'string_type', 'loc': ('body',), 'msg': 'Input should be a valid string', 'input': ['hd', '4k']}
2025-11-09 10:59:07 - vasttamsserver.core.utils:435:log_pydantic_validation_error - ERROR - ================================================================================
2025-11-09 12:41:21 - vasttamsserver.webhooks.service:77:get_webhooks - ERROR - Failed to get webhooks: 'TAMSStorageService' object has no attribute 'query'
2025-11-09 12:41:21 - vasttamsserver.events.manager:67:_get_webhooks - ERROR - Failed to fetch webhooks: 500: Internal server error
2025-11-09 12:41:49 - vasttamsserver.flows.router:158:update_flow_by_id - ERROR - Failed to update flow 5e88db9c-fdc9-4c6a-93df-9786710c5e38: 1 validation error for VideoFlow
essence_parameters
  Field required [type=missing, input_value={'id': '5e88db9c-fdc9-4c6..., 'updated_by': 'admin'}, input_type=dict]
    For further information visit https://errors.pydantic.dev/2.12/v/missing
2025-11-09 12:41:49 - vasttamsserver.main:295:http_exception_handler - ERROR - HTTP Exception: 500 - Internal server error
2025-11-09 12:41:53 - vasttamsserver.flows.router:158:update_flow_by_id - ERROR - Failed to update flow 30ad598c-108a-4348-8586-387e38e6ca6f: 1 validation error for VideoFlow
essence_parameters
  Field required [type=missing, input_value={'id': '30ad598c-108a-434..., 'updated_by': 'admin'}, input_type=dict]
    For further information visit https://errors.pydantic.dev/2.12/v/missing
2025-11-09 12:41:53 - vasttamsserver.main:295:http_exception_handler - ERROR - HTTP Exception: 500 - Internal server error
2025-11-09 12:41:58 - vasttamsserver.flows.router:158:update_flow_by_id - ERROR - Failed to update flow c7747810-c57b-4efe-8e0f-4344dc6e6645: 1 validation error for VideoFlow
essence_parameters
  Field required [type=missing, input_value={'id': 'c7747810-c57b-4ef..., 'updated_by': 'admin'}, input_type=dict]
    For further information visit https://errors.pydantic.dev/2.12/v/missing
2025-11-09 12:41:58 - vasttamsserver.main:295:http_exception_handler - ERROR - HTTP Exception: 500 - Internal server error
2025-11-09 12:42:02 - vasttamsserver.flows.router:158:update_flow_by_id - ERROR - Failed to update flow 95248884-2e1a-44ad-b0ef-8548909fad96: 1 validation error for VideoFlow
essence_parameters
  Field required [type=missing, input_value={'id': '95248884-2e1a-44a..., 'updated_by': 'admin'}, input_type=dict]
    For further information visit https://errors.pydantic.dev/2.12/v/missing
2025-11-09 12:42:02 - vasttamsserver.main:295:http_exception_handler - ERROR - HTTP Exception: 500 - Internal server error
2025-11-09 12:43:56 - vasttamsserver.core.utils:390:log_pydantic_validation_error - ERROR - ================================================================================
2025-11-09 12:43:56 - vasttamsserver.core.utils:391:log_pydantic_validation_error - ERROR - PYDANTIC VALIDATION ERROR
2025-11-09 12:43:56 - vasttamsserver.core.utils:392:log_pydantic_validation_error - ERROR - ================================================================================
2025-11-09 12:43:56 - vasttamsserver.core.utils:393:log_pydantic_validation_error - ERROR - Context: POST /flows
2025-11-09 12:43:56 - vasttamsserver.core.utils:395:log_pydantic_validation_error - ERROR - Model: Request
2025-11-09 12:43:56 - vasttamsserver.core.utils:396:log_pydantic_validation_error - ERROR - Error Count: 1
2025-11-09 12:43:56 - vasttamsserver.core.utils:397:log_pydantic_validation_error - ERROR - ----------------------------------------
2025-11-09 12:43:56 - vasttamsserver.core.utils:400:log_pydantic_validation_error - ERROR -   • Field 'body -> urn:x-nmos:format:video -> essence_parameters': Field required (got: {'id': '5008539b-2264-4dbf-a003-f02b1276dda1', 'source_id': 'd4f6e790-00dd-4d28-9feb-63838a7ae46c', 'format': 'urn:x-nmos:format:video', 'codec': 'video/h264', 'label': 'Integration Test Flow', 'frame_width': 1920, 'frame_height': 1080, 'frame_rate': {'numerator': 25, 'denominator': 1}}, type: missing)
2025-11-09 12:43:56 - vasttamsserver.core.utils:403:log_pydantic_validation_error - ERROR - ----------------------------------------
2025-11-09 12:43:56 - vasttamsserver.core.utils:404:log_pydantic_validation_error - ERROR - Input Data:
2025-11-09 12:43:56 - vasttamsserver.core.utils:418:log_pydantic_validation_error - ERROR - {
  "id": "5008539b-2264-4dbf-a003-f02b1276dda1",
  "source_id": "d4f6e790-00dd-4d28-9feb-63838a7ae46c",
  "format": "urn:x-nmos:format:video",
  "codec": "video/h264",
  "label": "Integration Test Flow",
  "frame_width": 1920,
  "frame_height": 1080,
  "frame_rate": {
    "numerator": 25,
    "denominator": 1
  }
}
2025-11-09 12:43:56 - vasttamsserver.core.utils:423:log_pydantic_validation_error - ERROR - ----------------------------------------
2025-11-09 12:43:56 - vasttamsserver.core.utils:424:log_pydantic_validation_error - ERROR - Raw Pydantic Error:
2025-11-09 12:43:56 - vasttamsserver.core.utils:427:log_pydantic_validation_error - ERROR - Error type: RequestValidationError
2025-11-09 12:43:56 - vasttamsserver.core.utils:428:log_pydantic_validation_error - ERROR - Error message: [{'type': 'missing', 'loc': ('body', 'urn:x-nmos:format:video', 'essence_parameters'), 'msg': 'Field required', 'input': {'id': '5008539b-2264-4dbf-a003-f02b1276dda1', 'source_id': 'd4f6e790-00dd-4d28-9feb-63838a7ae46c', 'format': 'urn:x-nmos:format:video', 'codec': 'video/h264', 'label': 'Integration Test Flow', 'frame_width': 1920, 'frame_height': 1080, 'frame_rate': {'numerator': 25, 'denominator': 1}}}]
2025-11-09 12:43:56 - vasttamsserver.core.utils:431:log_pydantic_validation_error - ERROR - Error 0: {'type': 'missing', 'loc': ('body', 'urn:x-nmos:format:video', 'essence_parameters'), 'msg': 'Field required', 'input': {'id': '5008539b-2264-4dbf-a003-f02b1276dda1', 'source_id': 'd4f6e790-00dd-4d28-9feb-63838a7ae46c', 'format': 'urn:x-nmos:format:video', 'codec': 'video/h264', 'label': 'Integration Test Flow', 'frame_width': 1920, 'frame_height': 1080, 'frame_rate': {'numerator': 25, 'denominator': 1}}}
2025-11-09 12:43:56 - vasttamsserver.core.utils:435:log_pydantic_validation_error - ERROR - ================================================================================
2025-11-09 12:44:00 - vasttamsserver.core.utils:390:log_pydantic_validation_error - ERROR - ================================================================================
2025-11-09 12:44:00 - vasttamsserver.core.utils:391:log_pydantic_validation_error - ERROR - PYDANTIC VALIDATION ERROR
2025-11-09 12:44:00 - vasttamsserver.core.utils:392:log_pydantic_validation_error - ERROR - ================================================================================
2025-11-09 12:44:00 - vasttamsserver.core.utils:393:log_pydantic_validation_error - ERROR - Context: POST /flows
2025-11-09 12:44:00 - vasttamsserver.core.utils:395:log_pydantic_validation_error - ERROR - Model: Request
2025-11-09 12:44:00 - vasttamsserver.core.utils:396:log_pydantic_validation_error - ERROR - Error Count: 1
2025-11-09 12:44:00 - vasttamsserver.core.utils:397:log_pydantic_validation_error - ERROR - ----------------------------------------
2025-11-09 12:44:00 - vasttamsserver.core.utils:400:log_pydantic_validation_error - ERROR -   • Field 'body -> urn:x-nmos:format:video -> essence_parameters': Field required (got: {'id': '63d59f8a-5dd0-4104-afae-06e737cf829f', 'source_id': 'b890a463-8a51-4528-9eaf-a422771ecbf3', 'format': 'urn:x-nmos:format:video', 'codec': 'video/h264', 'label': 'Test Flow Create', 'frame_width': 1920, 'frame_height': 1080, 'frame_rate': {'numerator': 25, 'denominator': 1}}, type: missing)
2025-11-09 12:44:00 - vasttamsserver.core.utils:403:log_pydantic_validation_error - ERROR - ----------------------------------------
2025-11-09 12:44:00 - vasttamsserver.core.utils:404:log_pydantic_validation_error - ERROR - Input Data:
2025-11-09 12:44:00 - vasttamsserver.core.utils:418:log_pydantic_validation_error - ERROR - {
  "id": "63d59f8a-5dd0-4104-afae-06e737cf829f",
  "source_id": "b890a463-8a51-4528-9eaf-a422771ecbf3",
  "format": "urn:x-nmos:format:video",
  "codec": "video/h264",
  "label": "Test Flow Create",
  "frame_width": 1920,
  "frame_height": 1080,
  "frame_rate": {
    "numerator": 25,
    "denominator": 1
  }
}
2025-11-09 12:44:00 - vasttamsserver.core.utils:423:log_pydantic_validation_error - ERROR - ----------------------------------------
2025-11-09 12:44:00 - vasttamsserver.core.utils:424:log_pydantic_validation_error - ERROR - Raw Pydantic Error:
2025-11-09 12:44:00 - vasttamsserver.core.utils:427:log_pydantic_validation_error - ERROR - Error type: RequestValidationError
2025-11-09 12:44:00 - vasttamsserver.core.utils:428:log_pydantic_validation_error - ERROR - Error message: [{'type': 'missing', 'loc': ('body', 'urn:x-nmos:format:video', 'essence_parameters'), 'msg': 'Field required', 'input': {'id': '63d59f8a-5dd0-4104-afae-06e737cf829f', 'source_id': 'b890a463-8a51-4528-9eaf-a422771ecbf3', 'format': 'urn:x-nmos:format:video', 'codec': 'video/h264', 'label': 'Test Flow Create', 'frame_width': 1920, 'frame_height': 1080, 'frame_rate': {'numerator': 25, 'denominator': 1}}}]
2025-11-09 12:44:00 - vasttamsserver.core.utils:431:log_pydantic_validation_error - ERROR - Error 0: {'type': 'missing', 'loc': ('body', 'urn:x-nmos:format:video', 'essence_parameters'), 'msg': 'Field required', 'input': {'id': '63d59f8a-5dd0-4104-afae-06e737cf829f', 'source_id': 'b890a463-8a51-4528-9eaf-a422771ecbf3', 'format': 'urn:x-nmos:format:video', 'codec': 'video/h264', 'label': 'Test Flow Create', 'frame_width': 1920, 'frame_height': 1080, 'frame_rate': {'numerator': 25, 'denominator': 1}}}
2025-11-09 12:44:00 - vasttamsserver.core.utils:435:log_pydantic_validation_error - ERROR - ================================================================================
2025-11-09 12:44:04 - vasttamsserver.core.utils:390:log_pydantic_validation_error - ERROR - ================================================================================
2025-11-09 12:44:04 - vasttamsserver.core.utils:391:log_pydantic_validation_error - ERROR - PYDANTIC VALIDATION ERROR
2025-11-09 12:44:04 - vasttamsserver.core.utils:392:log_pydantic_validation_error - ERROR - ================================================================================
2025-11-09 12:44:04 - vasttamsserver.core.utils:393:log_pydantic_validation_error - ERROR - Context: POST /flows
2025-11-09 12:44:04 - vasttamsserver.core.utils:395:log_pydantic_validation_error - ERROR - Model: Request
2025-11-09 12:44:04 - vasttamsserver.core.utils:396:log_pydantic_validation_error - ERROR - Error Count: 1
2025-11-09 12:44:04 - vasttamsserver.core.utils:397:log_pydantic_validation_error - ERROR - ----------------------------------------
2025-11-09 12:44:04 - vasttamsserver.core.utils:400:log_pydantic_validation_error - ERROR -   • Field 'body -> urn:x-nmos:format:video -> essence_parameters': Field required (got: {'id': '79a96097-b279-4559-ba28-47a9a94c8021', 'source_id': '2c7f3cec-2ecd-4ab8-99c3-0ce1c0b16439', 'format': 'urn:x-nmos:format:video', 'codec': 'video/h264', 'label': 'Integration Test Flow', 'frame_width': 1920, 'frame_height': 1080, 'frame_rate': {'numerator': 25, 'denominator': 1}}, type: missing)
2025-11-09 12:44:04 - vasttamsserver.core.utils:403:log_pydantic_validation_error - ERROR - ----------------------------------------
2025-11-09 12:44:04 - vasttamsserver.core.utils:404:log_pydantic_validation_error - ERROR - Input Data:
2025-11-09 12:44:04 - vasttamsserver.core.utils:418:log_pydantic_validation_error - ERROR - {
  "id": "79a96097-b279-4559-ba28-47a9a94c8021",
  "source_id": "2c7f3cec-2ecd-4ab8-99c3-0ce1c0b16439",
  "format": "urn:x-nmos:format:video",
  "codec": "video/h264",
  "label": "Integration Test Flow",
  "frame_width": 1920,
  "frame_height": 1080,
  "frame_rate": {
    "numerator": 25,
    "denominator": 1
  }
}
2025-11-09 12:44:04 - vasttamsserver.core.utils:423:log_pydantic_validation_error - ERROR - ----------------------------------------
2025-11-09 12:44:04 - vasttamsserver.core.utils:424:log_pydantic_validation_error - ERROR - Raw Pydantic Error:
2025-11-09 12:44:04 - vasttamsserver.core.utils:427:log_pydantic_validation_error - ERROR - Error type: RequestValidationError
2025-11-09 12:44:04 - vasttamsserver.core.utils:428:log_pydantic_validation_error - ERROR - Error message: [{'type': 'missing', 'loc': ('body', 'urn:x-nmos:format:video', 'essence_parameters'), 'msg': 'Field required', 'input': {'id': '79a96097-b279-4559-ba28-47a9a94c8021', 'source_id': '2c7f3cec-2ecd-4ab8-99c3-0ce1c0b16439', 'format': 'urn:x-nmos:format:video', 'codec': 'video/h264', 'label': 'Integration Test Flow', 'frame_width': 1920, 'frame_height': 1080, 'frame_rate': {'numerator': 25, 'denominator': 1}}}]
2025-11-09 12:44:04 - vasttamsserver.core.utils:431:log_pydantic_validation_error - ERROR - Error 0: {'type': 'missing', 'loc': ('body', 'urn:x-nmos:format:video', 'essence_parameters'), 'msg': 'Field required', 'input': {'id': '79a96097-b279-4559-ba28-47a9a94c8021', 'source_id': '2c7f3cec-2ecd-4ab8-99c3-0ce1c0b16439', 'format': 'urn:x-nmos:format:video', 'codec': 'video/h264', 'label': 'Integration Test Flow', 'frame_width': 1920, 'frame_height': 1080, 'frame_rate': {'numerator': 25, 'denominator': 1}}}
2025-11-09 12:44:04 - vasttamsserver.core.utils:435:log_pydantic_validation_error - ERROR - ================================================================================
2025-11-09 12:44:08 - vasttamsserver.core.utils:390:log_pydantic_validation_error - ERROR - ================================================================================
2025-11-09 12:44:08 - vasttamsserver.core.utils:391:log_pydantic_validation_error - ERROR - PYDANTIC VALIDATION ERROR
2025-11-09 12:44:08 - vasttamsserver.core.utils:392:log_pydantic_validation_error - ERROR - ================================================================================
2025-11-09 12:44:08 - vasttamsserver.core.utils:393:log_pydantic_validation_error - ERROR - Context: POST /flows
2025-11-09 12:44:08 - vasttamsserver.core.utils:395:log_pydantic_validation_error - ERROR - Model: Request
2025-11-09 12:44:08 - vasttamsserver.core.utils:396:log_pydantic_validation_error - ERROR - Error Count: 1
2025-11-09 12:44:08 - vasttamsserver.core.utils:397:log_pydantic_validation_error - ERROR - ----------------------------------------
2025-11-09 12:44:08 - vasttamsserver.core.utils:400:log_pydantic_validation_error - ERROR -   • Field 'body -> urn:x-nmos:format:video -> essence_parameters': Field required (got: {'id': 'cb092437-3e38-4204-a3b4-0b0fd9090b59', 'source_id': '3a4afcf3-28e5-4c2c-bde4-7de5ca788445', 'format': 'urn:x-nmos:format:video', 'codec': 'video/h264', 'label': 'Integration Test Flow', 'frame_width': 1920, 'frame_height': 1080, 'frame_rate': {'numerator': 25, 'denominator': 1}}, type: missing)
2025-11-09 12:44:08 - vasttamsserver.core.utils:403:log_pydantic_validation_error - ERROR - ----------------------------------------
2025-11-09 12:44:08 - vasttamsserver.core.utils:404:log_pydantic_validation_error - ERROR - Input Data:
2025-11-09 12:44:08 - vasttamsserver.core.utils:418:log_pydantic_validation_error - ERROR - {
  "id": "cb092437-3e38-4204-a3b4-0b0fd9090b59",
  "source_id": "3a4afcf3-28e5-4c2c-bde4-7de5ca788445",
  "format": "urn:x-nmos:format:video",
  "codec": "video/h264",
  "label": "Integration Test Flow",
  "frame_width": 1920,
  "frame_height": 1080,
  "frame_rate": {
    "numerator": 25,
    "denominator": 1
  }
}
2025-11-09 12:44:08 - vasttamsserver.core.utils:423:log_pydantic_validation_error - ERROR - ----------------------------------------
2025-11-09 12:44:08 - vasttamsserver.core.utils:424:log_pydantic_validation_error - ERROR - Raw Pydantic Error:
2025-11-09 12:44:08 - vasttamsserver.core.utils:427:log_pydantic_validation_error - ERROR - Error type: RequestValidationError
2025-11-09 12:44:08 - vasttamsserver.core.utils:428:log_pydantic_validation_error - ERROR - Error message: [{'type': 'missing', 'loc': ('body', 'urn:x-nmos:format:video', 'essence_parameters'), 'msg': 'Field required', 'input': {'id': 'cb092437-3e38-4204-a3b4-0b0fd9090b59', 'source_id': '3a4afcf3-28e5-4c2c-bde4-7de5ca788445', 'format': 'urn:x-nmos:format:video', 'codec': 'video/h264', 'label': 'Integration Test Flow', 'frame_width': 1920, 'frame_height': 1080, 'frame_rate': {'numerator': 25, 'denominator': 1}}}]
2025-11-09 12:44:08 - vasttamsserver.core.utils:431:log_pydantic_validation_error - ERROR - Error 0: {'type': 'missing', 'loc': ('body', 'urn:x-nmos:format:video', 'essence_parameters'), 'msg': 'Field required', 'input': {'id': 'cb092437-3e38-4204-a3b4-0b0fd9090b59', 'source_id': '3a4afcf3-28e5-4c2c-bde4-7de5ca788445', 'format': 'urn:x-nmos:format:video', 'codec': 'video/h264', 'label': 'Integration Test Flow', 'frame_width': 1920, 'frame_height': 1080, 'frame_rate': {'numerator': 25, 'denominator': 1}}}
2025-11-09 12:44:08 - vasttamsserver.core.utils:435:log_pydantic_validation_error - ERROR - ================================================================================
2025-11-09 12:47:47 - vasttamsserver.segments.service:212:create_flow_segment - ERROR - Cannot create segment for flow 715a426f-e58e-440e-8d57-33ab6d4d473d: object ff7ec2dc-4a78-4457-b311-62aeebb7903e does not exist. Objects must be created via POST /flows/{flowId}/storage before segments can reference them.
2025-11-09 12:47:47 - vasttamsserver.segments.service:308:create_flow_segment - ERROR - Failed to create flow segment: 404: Object ff7ec2dc-4a78-4457-b311-62aeebb7903e not found. Objects must be allocated via POST /flows/{flowId}/storage before segments can reference them.
2025-11-09 12:47:47 - vasttamsserver.main:295:http_exception_handler - ERROR - HTTP Exception: 500 - Internal server error
2025-11-09 12:50:20 - vasttamsserver.flows.router:158:update_flow_by_id - ERROR - Failed to update flow 99861f38-7d92-49ec-91ea-a402588d13d9: 1 validation error for AudioFlow
essence_parameters
  Field required [type=missing, input_value={'id': '99861f38-7d92-49e..., 'updated_by': 'admin'}, input_type=dict]
    For further information visit https://errors.pydantic.dev/2.12/v/missing
2025-11-09 12:50:20 - vasttamsserver.main:295:http_exception_handler - ERROR - HTTP Exception: 500 - Internal server error
2025-11-09 12:51:13 - vasttamsserver.flows.router:158:update_flow_by_id - ERROR - Failed to update flow eb293d80-a481-439f-ba72-38b6f27dabb5: 1 validation error for VideoFlow
essence_parameters
  Field required [type=missing, input_value={'id': 'eb293d80-a481-439..., 'updated_by': 'admin'}, input_type=dict]
    For further information visit https://errors.pydantic.dev/2.12/v/missing
2025-11-09 12:51:13 - vasttamsserver.main:295:http_exception_handler - ERROR - HTTP Exception: 500 - Internal server error
2025-11-09 12:51:45 - vasttamsserver.flows.router:158:update_flow_by_id - ERROR - Failed to update flow 6fe23f5b-8ad7-4bf6-8cc1-6e5a24257cfb: 1 validation error for VideoFlow
essence_parameters
  Field required [type=missing, input_value={'id': '6fe23f5b-8ad7-4bf..., 'updated_by': 'admin'}, input_type=dict]
    For further information visit https://errors.pydantic.dev/2.12/v/missing
2025-11-09 12:51:45 - vasttamsserver.main:295:http_exception_handler - ERROR - HTTP Exception: 500 - Internal server error
2025-11-09 12:52:35 - vasttamsserver.flows.router:158:update_flow_by_id - ERROR - Failed to update flow 860dcd26-8b8e-4d2d-b8f4-ad8df556d9f6: 1 validation error for AudioFlow
essence_parameters
  Field required [type=missing, input_value={'id': '860dcd26-8b8e-4d2..., 'updated_by': 'admin'}, input_type=dict]
    For further information visit https://errors.pydantic.dev/2.12/v/missing
2025-11-09 12:52:35 - vasttamsserver.main:295:http_exception_handler - ERROR - HTTP Exception: 500 - Internal server error
2025-11-09 12:52:48 - vasttamsserver.core.utils:390:log_pydantic_validation_error - ERROR - ================================================================================
2025-11-09 12:52:48 - vasttamsserver.core.utils:391:log_pydantic_validation_error - ERROR - PYDANTIC VALIDATION ERROR
2025-11-09 12:52:48 - vasttamsserver.core.utils:392:log_pydantic_validation_error - ERROR - ================================================================================
2025-11-09 12:52:48 - vasttamsserver.core.utils:393:log_pydantic_validation_error - ERROR - Context: POST /sources
2025-11-09 12:52:48 - vasttamsserver.core.utils:395:log_pydantic_validation_error - ERROR - Model: Request
2025-11-09 12:52:48 - vasttamsserver.core.utils:396:log_pydantic_validation_error - ERROR - Error Count: 1
2025-11-09 12:52:48 - vasttamsserver.core.utils:397:log_pydantic_validation_error - ERROR - ----------------------------------------
2025-11-09 12:52:48 - vasttamsserver.core.utils:400:log_pydantic_validation_error - ERROR -   • Field 'body -> format': Field required (got: {'id': 'bd9f8063-8e67-43ff-b33d-781aedc320c2'}, type: missing)
2025-11-09 12:52:48 - vasttamsserver.core.utils:403:log_pydantic_validation_error - ERROR - ----------------------------------------
2025-11-09 12:52:48 - vasttamsserver.core.utils:404:log_pydantic_validation_error - ERROR - Input Data:
2025-11-09 12:52:48 - vasttamsserver.core.utils:418:log_pydantic_validation_error - ERROR - {
  "id": "bd9f8063-8e67-43ff-b33d-781aedc320c2"
}
2025-11-09 12:52:48 - vasttamsserver.core.utils:423:log_pydantic_validation_error - ERROR - ----------------------------------------
2025-11-09 12:52:48 - vasttamsserver.core.utils:424:log_pydantic_validation_error - ERROR - Raw Pydantic Error:
2025-11-09 12:52:48 - vasttamsserver.core.utils:427:log_pydantic_validation_error - ERROR - Error type: RequestValidationError
2025-11-09 12:52:48 - vasttamsserver.core.utils:428:log_pydantic_validation_error - ERROR - Error message: [{'type': 'missing', 'loc': ('body', 'format'), 'msg': 'Field required', 'input': {'id': 'bd9f8063-8e67-43ff-b33d-781aedc320c2'}}]
2025-11-09 12:52:48 - vasttamsserver.core.utils:431:log_pydantic_validation_error - ERROR - Error 0: {'type': 'missing', 'loc': ('body', 'format'), 'msg': 'Field required', 'input': {'id': 'bd9f8063-8e67-43ff-b33d-781aedc320c2'}}
2025-11-09 12:52:48 - vasttamsserver.core.utils:435:log_pydantic_validation_error - ERROR - ================================================================================
2025-11-09 12:53:20 - vasttamsserver.webhooks.service:77:get_webhooks - ERROR - Failed to get webhooks: 'TAMSStorageService' object has no attribute 'query'
2025-11-09 12:53:20 - vasttamsserver.events.manager:67:_get_webhooks - ERROR - Failed to fetch webhooks: 500: Internal server error
2025-11-09 12:54:27 - vasttamsserver.flows.router:158:update_flow_by_id - ERROR - Failed to update flow 99300877-fd3e-4b64-bd2f-fec5322e8d27: 1 validation error for AudioFlow
essence_parameters
  Field required [type=missing, input_value={'id': '99300877-fd3e-4b6..., 'updated_by': 'admin'}, input_type=dict]
    For further information visit https://errors.pydantic.dev/2.12/v/missing
2025-11-09 12:54:27 - vasttamsserver.main:295:http_exception_handler - ERROR - HTTP Exception: 500 - Internal server error
2025-11-09 12:54:34 - vasttamsserver.core.utils:390:log_pydantic_validation_error - ERROR - ================================================================================
2025-11-09 12:54:34 - vasttamsserver.core.utils:391:log_pydantic_validation_error - ERROR - PYDANTIC VALIDATION ERROR
2025-11-09 12:54:34 - vasttamsserver.core.utils:392:log_pydantic_validation_error - ERROR - ================================================================================
2025-11-09 12:54:34 - vasttamsserver.core.utils:393:log_pydantic_validation_error - ERROR - Context: POST /sources
2025-11-09 12:54:34 - vasttamsserver.core.utils:395:log_pydantic_validation_error - ERROR - Model: Request
2025-11-09 12:54:34 - vasttamsserver.core.utils:396:log_pydantic_validation_error - ERROR - Error Count: 1
2025-11-09 12:54:34 - vasttamsserver.core.utils:397:log_pydantic_validation_error - ERROR - ----------------------------------------
2025-11-09 12:54:34 - vasttamsserver.core.utils:400:log_pydantic_validation_error - ERROR -   • Field 'body -> 0': JSON decode error (got: {}, type: json_invalid)
2025-11-09 12:54:34 - vasttamsserver.core.utils:403:log_pydantic_validation_error - ERROR - ----------------------------------------
2025-11-09 12:54:34 - vasttamsserver.core.utils:404:log_pydantic_validation_error - ERROR - Input Data:
2025-11-09 12:54:34 - vasttamsserver.core.utils:418:log_pydantic_validation_error - ERROR - "invalid json{"
2025-11-09 12:54:34 - vasttamsserver.core.utils:423:log_pydantic_validation_error - ERROR - ----------------------------------------
2025-11-09 12:54:34 - vasttamsserver.core.utils:424:log_pydantic_validation_error - ERROR - Raw Pydantic Error:
2025-11-09 12:54:34 - vasttamsserver.core.utils:427:log_pydantic_validation_error - ERROR - Error type: RequestValidationError
2025-11-09 12:54:34 - vasttamsserver.core.utils:428:log_pydantic_validation_error - ERROR - Error message: [{'type': 'json_invalid', 'loc': ('body', 0), 'msg': 'JSON decode error', 'input': {}, 'ctx': {'error': 'Expecting value'}}]
2025-11-09 12:54:34 - vasttamsserver.core.utils:431:log_pydantic_validation_error - ERROR - Error 0: {'type': 'json_invalid', 'loc': ('body', 0), 'msg': 'JSON decode error', 'input': {}, 'ctx': {'error': 'Expecting value'}}
2025-11-09 12:54:34 - vasttamsserver.core.utils:435:log_pydantic_validation_error - ERROR - ================================================================================
2025-11-09 12:56:15 - vasttamsserver.flows.router:158:update_flow_by_id - ERROR - Failed to update flow be96f728-b79a-4a5c-a6a1-e8efcaddeca6: 1 validation error for AudioFlow
essence_parameters
  Field required [type=missing, input_value={'id': 'be96f728-b79a-4a5..., 'updated_by': 'admin'}, input_type=dict]
    For further information visit https://errors.pydantic.dev/2.12/v/missing
2025-11-09 12:56:15 - vasttamsserver.main:295:http_exception_handler - ERROR - HTTP Exception: 500 - Internal server error
2025-11-09 12:56:46 - vasttamsserver.flows.router:158:update_flow_by_id - ERROR - Failed to update flow 198b7467-d2d0-4208-8ff2-bc292716aec8: 1 validation error for AudioFlow
essence_parameters
  Field required [type=missing, input_value={'id': '198b7467-d2d0-420..., 'updated_by': 'admin'}, input_type=dict]
    For further information visit https://errors.pydantic.dev/2.12/v/missing
2025-11-09 12:56:46 - vasttamsserver.main:295:http_exception_handler - ERROR - HTTP Exception: 500 - Internal server error
2025-11-09 13:03:08 - vasttamsserver.flows.service:917:check_flow_read_only - ERROR - Failed to check flow read-only status for 9e919304-806e-462d-911f-4c6a2f84e24a: 0
2025-11-09 13:03:08 - vasttamsserver.main:295:http_exception_handler - ERROR - HTTP Exception: 500 - Internal server error
2025-11-09 13:03:09 - vasttamsserver.flows.service:917:check_flow_read_only - ERROR - Failed to check flow read-only status for 9e919304-806e-462d-911f-4c6a2f84e24a: 0
2025-11-09 13:03:09 - vasttamsserver.main:295:http_exception_handler - ERROR - HTTP Exception: 500 - Internal server error
2025-11-09 21:14:07 - vasttamsserver.flows.service:917:check_flow_read_only - ERROR - Failed to check flow read-only status for 3f4b72bd-9ee9-4230-ae2d-8b4feb7d2e16: 0
2025-11-09 21:14:07 - vasttamsserver.main:295:http_exception_handler - ERROR - HTTP Exception: 500 - Internal server error
2025-11-09 21:14:31 - vasttamsserver.flows.service:917:check_flow_read_only - ERROR - Failed to check flow read-only status for 3f4b72bd-9ee9-4230-ae2d-8b4feb7d2e16: 0
2025-11-09 21:14:31 - vasttamsserver.main:295:http_exception_handler - ERROR - HTTP Exception: 500 - Internal server error
2025-11-09 21:14:45 - vasttamsserver.flows.service:917:check_flow_read_only - ERROR - Failed to check flow read-only status for 893df644-9558-416c-be4a-693b6e9fc184: 0
2025-11-09 21:14:45 - vasttamsserver.main:295:http_exception_handler - ERROR - HTTP Exception: 500 - Internal server error
2025-11-09 21:15:07 - vasttamsserver.flows.service:917:check_flow_read_only - ERROR - Failed to check flow read-only status for 1ac3b27a-1634-46e8-9ff1-3fb054d5464d: 0
2025-11-09 21:15:07 - vasttamsserver.main:295:http_exception_handler - ERROR - HTTP Exception: 500 - Internal server error
2025-11-09 21:15:20 - vasttamsserver.flows.service:917:check_flow_read_only - ERROR - Failed to check flow read-only status for aea2f4b6-5124-4b14-987a-9db782443f4d: 0
2025-11-09 21:15:20 - vasttamsserver.main:295:http_exception_handler - ERROR - HTTP Exception: 500 - Internal server error
2025-11-09 21:15:34 - vasttamsserver.flows.service:917:check_flow_read_only - ERROR - Failed to check flow read-only status for fb805c0d-1e98-4cb5-9807-8278fa4f2f90: 0
2025-11-09 21:15:34 - vasttamsserver.main:295:http_exception_handler - ERROR - HTTP Exception: 500 - Internal server error
2025-11-09 21:15:34 - vasttamsserver.flows.service:917:check_flow_read_only - ERROR - Failed to check flow read-only status for fb805c0d-1e98-4cb5-9807-8278fa4f2f90: 0
2025-11-09 21:15:34 - vasttamsserver.main:295:http_exception_handler - ERROR - HTTP Exception: 500 - Internal server error
2025-11-09 21:15:43 - vasttamsserver.flows.service:917:check_flow_read_only - ERROR - Failed to check flow read-only status for a1779ead-5591-4869-8388-f4a7117eb65d: 0
2025-11-09 21:15:43 - vasttamsserver.main:295:http_exception_handler - ERROR - HTTP Exception: 500 - Internal server error
2025-11-09 21:15:43 - vasttamsserver.flows.service:917:check_flow_read_only - ERROR - Failed to check flow read-only status for a1779ead-5591-4869-8388-f4a7117eb65d: 0
2025-11-09 21:15:43 - vasttamsserver.main:295:http_exception_handler - ERROR - HTTP Exception: 500 - Internal server error
2025-11-09 21:15:52 - vasttamsserver.flows.service:917:check_flow_read_only - ERROR - Failed to check flow read-only status for b03088ad-1afb-4a73-a274-0f3356796d11: 0
2025-11-09 21:15:52 - vasttamsserver.main:295:http_exception_handler - ERROR - HTTP Exception: 500 - Internal server error
2025-11-09 21:15:59 - vasttamsserver.flows.service:917:check_flow_read_only - ERROR - Failed to check flow read-only status for aed5d476-c71d-43ee-a968-4ed907ea250f: 0
2025-11-09 21:15:59 - vasttamsserver.main:295:http_exception_handler - ERROR - HTTP Exception: 500 - Internal server error
2025-11-09 21:16:00 - vasttamsserver.flows.service:917:check_flow_read_only - ERROR - Failed to check flow read-only status for aed5d476-c71d-43ee-a968-4ed907ea250f: 0
2025-11-09 21:16:00 - vasttamsserver.main:295:http_exception_handler - ERROR - HTTP Exception: 500 - Internal server error
2025-11-09 21:16:11 - vasttamsserver.flows.service:917:check_flow_read_only - ERROR - Failed to check flow read-only status for e6d45e3a-8490-42b3-9752-89cd440d76b0: 0
2025-11-09 21:16:11 - vasttamsserver.main:295:http_exception_handler - ERROR - HTTP Exception: 500 - Internal server error
2025-11-09 21:17:08 - vasttamsserver.flows.service:917:check_flow_read_only - ERROR - Failed to check flow read-only status for 87e88623-b08f-4bc7-ae4f-8a7c458fa9ef: 0
2025-11-09 21:17:08 - vasttamsserver.main:295:http_exception_handler - ERROR - HTTP Exception: 500 - Internal server error
2025-11-09 21:17:09 - vasttamsserver.flows.service:917:check_flow_read_only - ERROR - Failed to check flow read-only status for 87e88623-b08f-4bc7-ae4f-8a7c458fa9ef: 0
2025-11-09 21:17:09 - vasttamsserver.main:295:http_exception_handler - ERROR - HTTP Exception: 500 - Internal server error
2025-11-09 21:22:41 - vasttamsserver.webhooks.service:77:get_webhooks - ERROR - Failed to get webhooks: 'TAMSStorageService' object has no attribute 'query'
2025-11-09 21:22:41 - vasttamsserver.events.manager:67:_get_webhooks - ERROR - Failed to fetch webhooks: 500: Internal server error
2025-11-09 21:22:42 - vasttamsserver.webhooks.service:77:get_webhooks - ERROR - Failed to get webhooks: 'TAMSStorageService' object has no attribute 'query'
2025-11-09 21:22:42 - vasttamsserver.events.manager:67:_get_webhooks - ERROR - Failed to fetch webhooks: 500: Internal server error
2025-11-09 21:35:42 - vasttamsserver.core.utils:390:log_pydantic_validation_error - ERROR - ================================================================================
2025-11-09 21:35:42 - vasttamsserver.core.utils:391:log_pydantic_validation_error - ERROR - PYDANTIC VALIDATION ERROR
2025-11-09 21:35:42 - vasttamsserver.core.utils:392:log_pydantic_validation_error - ERROR - ================================================================================
2025-11-09 21:35:42 - vasttamsserver.core.utils:393:log_pydantic_validation_error - ERROR - Context: POST /sources
2025-11-09 21:35:42 - vasttamsserver.core.utils:395:log_pydantic_validation_error - ERROR - Model: Request
2025-11-09 21:35:42 - vasttamsserver.core.utils:396:log_pydantic_validation_error - ERROR - Error Count: 1
2025-11-09 21:35:42 - vasttamsserver.core.utils:397:log_pydantic_validation_error - ERROR - ----------------------------------------
2025-11-09 21:35:42 - vasttamsserver.core.utils:400:log_pydantic_validation_error - ERROR -   • Field 'body -> format': Value error, Invalid content format. Must be one of: ['urn:x-nmos:format:video', 'urn:x-tam:format:image', 'urn:x-nmos:format:audio', 'urn:x-nmos:format:data', 'urn:x-nmos:format:multi'] (got: video/mp4, type: value_error)
2025-11-09 21:35:42 - vasttamsserver.core.utils:403:log_pydantic_validation_error - ERROR - ----------------------------------------
2025-11-09 21:35:42 - vasttamsserver.core.utils:404:log_pydantic_validation_error - ERROR - Input Data:
2025-11-09 21:35:42 - vasttamsserver.core.utils:418:log_pydantic_validation_error - ERROR - {
  "description": "Folder ingest: /Users/jesse.thaloor/Developer/data/video/1",
  "format": "video/mp4",
  "label": "1",
  "id": "5ea0bda3-1a6d-4125-b419-40b8d296a0a4"
}
2025-11-09 21:35:42 - vasttamsserver.core.utils:423:log_pydantic_validation_error - ERROR - ----------------------------------------
2025-11-09 21:35:42 - vasttamsserver.core.utils:424:log_pydantic_validation_error - ERROR - Raw Pydantic Error:
2025-11-09 21:35:42 - vasttamsserver.core.utils:427:log_pydantic_validation_error - ERROR - Error type: RequestValidationError
2025-11-09 21:35:42 - vasttamsserver.core.utils:428:log_pydantic_validation_error - ERROR - Error message: [{'type': 'value_error', 'loc': ('body', 'format'), 'msg': "Value error, Invalid content format. Must be one of: ['urn:x-nmos:format:video', 'urn:x-tam:format:image', 'urn:x-nmos:format:audio', 'urn:x-nmos:format:data', 'urn:x-nmos:format:multi']", 'input': 'video/mp4', 'ctx': {'error': ValueError("Invalid content format. Must be one of: ['urn:x-nmos:format:video', 'urn:x-tam:format:image', 'urn:x-nmos:format:audio', 'urn:x-nmos:format:data', 'urn:x-nmos:format:multi']")}}]
2025-11-09 21:35:42 - vasttamsserver.core.utils:431:log_pydantic_validation_error - ERROR - Error 0: {'type': 'value_error', 'loc': ('body', 'format'), 'msg': "Value error, Invalid content format. Must be one of: ['urn:x-nmos:format:video', 'urn:x-tam:format:image', 'urn:x-nmos:format:audio', 'urn:x-nmos:format:data', 'urn:x-nmos:format:multi']", 'input': 'video/mp4', 'ctx': {'error': ValueError("Invalid content format. Must be one of: ['urn:x-nmos:format:video', 'urn:x-tam:format:image', 'urn:x-nmos:format:audio', 'urn:x-nmos:format:data', 'urn:x-nmos:format:multi']")}}
2025-11-09 21:35:42 - vasttamsserver.core.utils:435:log_pydantic_validation_error - ERROR - ================================================================================
2025-11-09 21:36:32 - vasttamsserver.flows.service:690:create_flow - ERROR - VFR validation error creating flow: If vfr=True, frame_rate MUST NOT be set
2025-11-09 21:38:58 - vasttamsserver.webhooks.service:77:get_webhooks - ERROR - Failed to get webhooks: 'TAMSStorageService' object has no attribute 'query'
2025-11-09 21:38:58 - vasttamsserver.events.manager:67:_get_webhooks - ERROR - Failed to fetch webhooks: 500: Internal server error
2025-11-09 21:43:57 - vasttamsserver.webhooks.service:77:get_webhooks - ERROR - Failed to get webhooks: 'TAMSStorageService' object has no attribute 'query'
2025-11-09 21:43:57 - vasttamsserver.events.manager:67:_get_webhooks - ERROR - Failed to fetch webhooks: 500: Internal server error
2025-11-09 21:47:21 - vasttamsserver.core.telemetry:418:record_error - ERROR - Error recorded: timeout at /flows/4f1b834c-5b2f-4e22-be28-301962ba3d8d/tags/file_mapping_0aa80405-1ca8-4b2f-9213-890b3a62c405: Request timeout after 31.00s
2025-11-09 21:47:21 - vasttamsserver.core.telemetry:418:record_error - ERROR - Error recorded: timeout at /flows/4f1b834c-5b2f-4e22-be28-301962ba3d8d/tags/file_mapping_d3945899-e2c2-4d5c-82bf-7e283ee8a8b8: Request timeout after 31.00s
2025-11-09 21:48:36 - vasttamsserver.core.telemetry:418:record_error - ERROR - Error recorded: timeout at /flows/4f1b834c-5b2f-4e22-be28-301962ba3d8d/tags/file_mapping_7b88976c-cb33-4ba6-a2cb-6981f1bb94fd: Request timeout after 40.76s
2025-11-09 21:48:36 - vasttamsserver.flows.router:390:update_flow_tag - ERROR - Failed to update flow tag file_mapping_9cc92ad4-067e-446e-ac65-5cafde493e12 for 4f1b834c-5b2f-4e22-be28-301962ba3d8d: 
2025-11-09 21:48:36 - vasttamsserver.main:295:http_exception_handler - ERROR - HTTP Exception: 500 - Internal server error
2025-11-09 21:48:46 - vasttamsserver.webhooks.service:77:get_webhooks - ERROR - Failed to get webhooks: 'TAMSStorageService' object has no attribute 'query'
2025-11-09 21:48:46 - vasttamsserver.events.manager:67:_get_webhooks - ERROR - Failed to fetch webhooks: 500: Internal server error
2025-11-09 21:51:21 - vasttamsserver.webhooks.service:77:get_webhooks - ERROR - Failed to get webhooks: 'TAMSStorageService' object has no attribute 'query'
2025-11-09 21:51:21 - vasttamsserver.events.manager:67:_get_webhooks - ERROR - Failed to fetch webhooks: 500: Internal server error
2025-11-09 21:51:53 - vasttamsserver.webhooks.service:77:get_webhooks - ERROR - Failed to get webhooks: 'TAMSStorageService' object has no attribute 'query'
2025-11-09 21:51:53 - vasttamsserver.events.manager:67:_get_webhooks - ERROR - Failed to fetch webhooks: 500: Internal server error
2025-11-09 21:51:58 - vasttamsserver.webhooks.service:77:get_webhooks - ERROR - Failed to get webhooks: 'TAMSStorageService' object has no attribute 'query'
2025-11-09 21:51:58 - vasttamsserver.events.manager:67:_get_webhooks - ERROR - Failed to fetch webhooks: 500: Internal server error
2025-11-09 21:53:11 - vasttamsserver.webhooks.service:77:get_webhooks - ERROR - Failed to get webhooks: 'TAMSStorageService' object has no attribute 'query'
2025-11-09 21:53:11 - vasttamsserver.events.manager:67:_get_webhooks - ERROR - Failed to fetch webhooks: 500: Internal server error
