2025-11-07 20:19:42 - test_s3_upload_workflow:196:test_segment_sharing - INFO - ✅ Found 3 shared segments between flows 5adc3253... and 5060aadb...
2025-11-07 20:19:42 - test_s3_upload_workflow:196:test_segment_sharing - INFO - ✅ Found 3 shared segments between flows f7927acf... and 29f342a4...
2025-11-07 20:19:42 - test_s3_upload_workflow:196:test_segment_sharing - INFO - ✅ Found 3 shared segments between flows 069735e7... and 5c6a8cb4...
2025-11-07 20:19:42 - test_s3_upload_workflow:196:test_segment_sharing - INFO - ✅ Found 3 shared segments between flows 0cfb0253... and 6c91e02a...
2025-11-07 20:19:42 - test_s3_upload_workflow:196:test_segment_sharing - INFO - ✅ Found 3 shared segments between flows 9ce2600d... and ad9fbcbb...
2025-11-07 20:19:42 - test_s3_upload_workflow:196:test_segment_sharing - INFO - ✅ Found 3 shared segments between flows 3fb581e4... and 3ea212c2...
2025-11-07 20:19:42 - test_s3_upload_workflow:196:test_segment_sharing - INFO - ✅ Found 3 shared segments between flows bf61f644... and 785f9e77...
2025-11-07 20:19:47 - test_s3_upload_workflow:222:test_audio_flow_segments - INFO - ✅ Audio flow has 2 segments
2025-11-07 20:28:19 - app.core.logging:153:setup_logging - INFO - Unified logging initialized - Debug: False, Level: INFO
2025-11-07 20:28:19 - vastdbmanager.connection_manager:44:__init__ - INFO - Initialized ConnectionManager with 1 endpoints
2025-11-07 20:28:19 - vastdbmanager.trino.client:59:__init__ - INFO - Initialized Trino client: docker1:8080/vast.default
2025-11-07 20:28:19 - vastdbmanager.core:112:__init__ - INFO - Initialized Trino query system: docker1:8080/vast
2025-11-07 20:28:20 - vastdb.features:16:__init__ - INFO - VAST version: (5, 3, 3, 1)
2025-11-07 20:28:20 - vastdbmanager.connection_manager:78:_setup_schema - INFO - Schema 'tams8-dev' already exists
2025-11-07 20:28:20 - vastdbmanager.connection_manager:60:connect - INFO - Connected to VAST database at http://docker1:4001
2025-11-07 20:28:20 - app.core.logging:153:setup_logging - INFO - Unified logging initialized - Debug: False, Level: INFO
2025-11-07 20:28:20 - app.core.logging:153:setup_logging - INFO - Unified logging initialized - Debug: False, Level: INFO
2025-11-07 20:28:21 - vasttams.segments.service:199:get_flow_segments - ERROR - Failed to get flow segments for 5e51e433-cff7-4db9-95b4-11e10c582c18: 'Mock' object is not iterable
2025-11-07 20:28:21 - vasttams.segments.service:341:delete_flow_segments - ERROR - Failed to delete flow segments for 5e51e433-cff7-4db9-95b4-11e10c582c18: 500: Internal server error
2025-11-07 20:28:21 - vasttams.storagebackends.service:154:get_storage_backend - ERROR - Failed to get storage backend 3f70263f-6659-49aa-a9f6-e30221b9acbf: object of type 'Mock' has no len()
2025-11-07 20:28:24 - vastdbmanager.core:153:_discover_tables - INFO - Discovered and cached 17 tables
2025-11-07 20:28:24 - vastdbmanager.core:124:__init__ - INFO - Initialized VastDBManager with 1 endpoints
2025-11-07 20:28:25 - vasttams.main:76:lifespan - INFO - Starting TAMS API...
2025-11-07 20:28:26 - vasts3.client:95:__init__ - INFO - S3Client initialized with endpoint: http://docker1:4001, bucket: jthaloor-s3
2025-11-07 20:28:26 - vasts3.client:116:__init__ - INFO - S3Client initialized with bucket: jthaloor-s3, prefix: tams8-dev
2025-11-07 20:28:27 - vasttams.main:199:lifespan - INFO - TAMS API startup complete
2025-11-07 20:28:45 - app.core.logging:153:setup_logging - INFO - Unified logging initialized - Debug: False, Level: INFO
2025-11-07 20:28:45 - app.core.logging:153:setup_logging - INFO - Unified logging initialized - Debug: False, Level: INFO
2025-11-07 20:28:46 - vasttams.core.telemetry:258:record_http_metrics - INFO - POST /auth/login - user=anonymous, duration=1.054s, status=200 [User: ] [API: endpoint=/auth/login, method=POST]
2025-11-07 20:28:47 - vasttams.core.telemetry:258:record_http_metrics - INFO - POST /sources - user=admin, duration=1.267s, status=201 [User: username=admin, user_id=d6e84dea-f9a3-439a-a35c-aa7faf4bc1c1, role=admin] [API: endpoint=/sources, method=POST]
2025-11-07 20:28:50 - vasttams.core.telemetry:258:record_http_metrics - INFO - POST /flows - user=admin, duration=1.903s, status=201 [User: username=admin, user_id=d6e84dea-f9a3-439a-a35c-aa7faf4bc1c1, role=admin] [API: endpoint=/flows, method=POST]
2025-11-07 20:28:52 - vasttams.core.telemetry:258:record_http_metrics - INFO - POST /flows - user=admin, duration=1.842s, status=201 [User: username=admin, user_id=d6e84dea-f9a3-439a-a35c-aa7faf4bc1c1, role=admin] [API: endpoint=/flows, method=POST]
2025-11-07 20:28:53 - vasttams.core.telemetry:258:record_http_metrics - INFO - POST /flows/d4f18402-7078-4e42-bcac-3544a220b650/storage - user=admin, duration=1.026s, status=201 [User: username=admin, user_id=d6e84dea-f9a3-439a-a35c-aa7faf4bc1c1, role=admin] [API: endpoint=/flows/d4f18402-7078-4e42-bcac-3544a220b650/storage, method=POST]
2025-11-07 20:28:55 - vasttams.core.telemetry:258:record_http_metrics - INFO - POST /flows - user=admin, duration=1.783s, status=201 [User: username=admin, user_id=d6e84dea-f9a3-439a-a35c-aa7faf4bc1c1, role=admin] [API: endpoint=/flows, method=POST]
2025-11-07 20:28:58 - vasttams.main:293:http_exception_handler - WARNING - HTTP Exception: 404 - Object not found
2025-11-07 20:28:58 - vasttams.core.telemetry:258:record_http_metrics - INFO - DELETE /objects/8bb20d7b-98ec-4c78-9b54-1e00940e798f - user=admin, duration=2.488s, status=404 [User: username=admin, user_id=d6e84dea-f9a3-439a-a35c-aa7faf4bc1c1, role=admin] [API: endpoint=/objects/8bb20d7b-98ec-4c78-9b54-1e00940e798f, method=DELETE]
2025-11-07 20:30:14 - vasttams.core.telemetry:258:record_http_metrics - INFO - POST /sources - user=admin, duration=1.168s, status=201 [User: username=admin, user_id=d6e84dea-f9a3-439a-a35c-aa7faf4bc1c1, role=admin] [API: endpoint=/sources, method=POST]
2025-11-07 20:30:16 - vasttams.core.telemetry:258:record_http_metrics - INFO - POST /flows - user=admin, duration=1.868s, status=201 [User: username=admin, user_id=d6e84dea-f9a3-439a-a35c-aa7faf4bc1c1, role=admin] [API: endpoint=/flows, method=POST]
2025-11-07 20:30:17 - vasttams.core.telemetry:258:record_http_metrics - INFO - POST /flows/41a81354-fb99-4f76-a6df-7e8dd0071183/storage - user=admin, duration=1.076s, status=201 [User: username=admin, user_id=d6e84dea-f9a3-439a-a35c-aa7faf4bc1c1, role=admin] [API: endpoint=/flows/41a81354-fb99-4f76-a6df-7e8dd0071183/storage, method=POST]
2025-11-07 20:30:20 - vasttams.main:293:http_exception_handler - WARNING - HTTP Exception: 404 - Object not found
2025-11-07 20:30:20 - vasttams.core.telemetry:258:record_http_metrics - INFO - DELETE /objects/a96356df-b50c-4c39-8786-0cd96fe82716 - user=admin, duration=2.424s, status=404 [User: username=admin, user_id=d6e84dea-f9a3-439a-a35c-aa7faf4bc1c1, role=admin] [API: endpoint=/objects/a96356df-b50c-4c39-8786-0cd96fe82716, method=DELETE]
2025-11-07 20:31:24 - vasttams.core.telemetry:258:record_http_metrics - INFO - POST /sources - user=admin, duration=1.051s, status=201 [User: username=admin, user_id=d6e84dea-f9a3-439a-a35c-aa7faf4bc1c1, role=admin] [API: endpoint=/sources, method=POST]
2025-11-07 20:31:26 - vasttams.core.telemetry:258:record_http_metrics - INFO - POST /flows - user=admin, duration=1.855s, status=201 [User: username=admin, user_id=d6e84dea-f9a3-439a-a35c-aa7faf4bc1c1, role=admin] [API: endpoint=/flows, method=POST]
2025-11-07 20:31:27 - vasttams.core.telemetry:258:record_http_metrics - INFO - POST /flows/6600f403-34cc-4294-b1e4-8bf0d9a5f9f5/storage - user=admin, duration=1.048s, status=201 [User: username=admin, user_id=d6e84dea-f9a3-439a-a35c-aa7faf4bc1c1, role=admin] [API: endpoint=/flows/6600f403-34cc-4294-b1e4-8bf0d9a5f9f5/storage, method=POST]
2025-11-07 20:31:29 - vasttams.main:293:http_exception_handler - WARNING - HTTP Exception: 404 - Object not found
2025-11-07 20:31:29 - vasttams.core.telemetry:258:record_http_metrics - INFO - DELETE /objects/f1902a3b-28bd-4ce4-b1a6-692b14ba5a07 - user=admin, duration=2.160s, status=404 [User: username=admin, user_id=d6e84dea-f9a3-439a-a35c-aa7faf4bc1c1, role=admin] [API: endpoint=/objects/f1902a3b-28bd-4ce4-b1a6-692b14ba5a07, method=DELETE]
2025-11-07 20:31:37 - vasttams.core.telemetry:258:record_http_metrics - INFO - POST /flows - user=admin, duration=1.823s, status=201 [User: username=admin, user_id=d6e84dea-f9a3-439a-a35c-aa7faf4bc1c1, role=admin] [API: endpoint=/flows, method=POST]
2025-11-07 20:31:38 - vasttams.core.telemetry:258:record_http_metrics - INFO - POST /flows/87f8687d-88d3-4bb6-8ee7-a1ea862737a0/storage - user=admin, duration=1.074s, status=201 [User: username=admin, user_id=d6e84dea-f9a3-439a-a35c-aa7faf4bc1c1, role=admin] [API: endpoint=/flows/87f8687d-88d3-4bb6-8ee7-a1ea862737a0/storage, method=POST]
2025-11-07 20:31:40 - vasttams.main:293:http_exception_handler - WARNING - HTTP Exception: 404 - Object not found
2025-11-07 20:31:40 - vasttams.core.telemetry:258:record_http_metrics - INFO - DELETE /objects/a8a8f3b1-6833-4201-8193-de8d78ac8f10 - user=admin, duration=2.461s, status=404 [User: username=admin, user_id=d6e84dea-f9a3-439a-a35c-aa7faf4bc1c1, role=admin] [API: endpoint=/objects/a8a8f3b1-6833-4201-8193-de8d78ac8f10, method=DELETE]
2025-11-07 20:35:08 - vasttams.core.telemetry:258:record_http_metrics - INFO - POST /sources - user=admin, duration=1.203s, status=201 [User: username=admin, user_id=d6e84dea-f9a3-439a-a35c-aa7faf4bc1c1, role=admin] [API: endpoint=/sources, method=POST]
2025-11-07 20:35:10 - vasttams.core.telemetry:258:record_http_metrics - INFO - POST /flows - user=admin, duration=1.828s, status=201 [User: username=admin, user_id=d6e84dea-f9a3-439a-a35c-aa7faf4bc1c1, role=admin] [API: endpoint=/flows, method=POST]
2025-11-07 20:35:11 - vasttams.core.telemetry:258:record_http_metrics - INFO - POST /flows/6d465a1d-52f5-4708-bf9f-6f317fac722a/storage - user=admin, duration=1.097s, status=201 [User: username=admin, user_id=d6e84dea-f9a3-439a-a35c-aa7faf4bc1c1, role=admin] [API: endpoint=/flows/6d465a1d-52f5-4708-bf9f-6f317fac722a/storage, method=POST]
2025-11-07 20:35:13 - vasttams.main:293:http_exception_handler - WARNING - HTTP Exception: 404 - Object not found
2025-11-07 20:35:13 - vasttams.core.telemetry:258:record_http_metrics - INFO - DELETE /objects/c033bcf3-35f6-4f80-b2ef-1fb9f31bef47 - user=admin, duration=2.122s, status=404 [User: username=admin, user_id=d6e84dea-f9a3-439a-a35c-aa7faf4bc1c1, role=admin] [API: endpoint=/objects/c033bcf3-35f6-4f80-b2ef-1fb9f31bef47, method=DELETE]
2025-11-07 20:35:56 - vasttams.main:207:lifespan - INFO - Shutting down TAMS API...
2025-11-07 20:35:56 - vasttams.main:216:lifespan - INFO - TAMS API shutdown complete
2025-11-07 20:36:00 - app.core.logging:153:setup_logging - INFO - Unified logging initialized - Debug: False, Level: INFO
2025-11-07 20:36:00 - vastdbmanager.connection_manager:44:__init__ - INFO - Initialized ConnectionManager with 1 endpoints
2025-11-07 20:36:00 - vastdbmanager.trino.client:59:__init__ - INFO - Initialized Trino client: docker1:8080/vast.default
2025-11-07 20:36:00 - vastdbmanager.core:112:__init__ - INFO - Initialized Trino query system: docker1:8080/vast
2025-11-07 20:36:01 - vastdb.features:16:__init__ - INFO - VAST version: (5, 3, 3, 1)
2025-11-07 20:36:01 - vastdbmanager.connection_manager:78:_setup_schema - INFO - Schema 'tams8-dev' already exists
2025-11-07 20:36:01 - vastdbmanager.connection_manager:60:connect - INFO - Connected to VAST database at http://docker1:4001
2025-11-07 20:36:06 - vastdbmanager.core:153:_discover_tables - INFO - Discovered and cached 17 tables
2025-11-07 20:36:06 - vastdbmanager.core:124:__init__ - INFO - Initialized VastDBManager with 1 endpoints
2025-11-07 20:36:06 - vasttams.main:76:lifespan - INFO - Starting TAMS API...
2025-11-07 20:36:08 - vasts3.client:95:__init__ - INFO - S3Client initialized with endpoint: http://docker1:4001, bucket: jthaloor-s3
2025-11-07 20:36:08 - vasts3.client:116:__init__ - INFO - S3Client initialized with bucket: jthaloor-s3, prefix: tams8-dev
2025-11-07 20:36:08 - vasttams.main:199:lifespan - INFO - TAMS API startup complete
2025-11-07 20:37:03 - vasttams.core.telemetry:258:record_http_metrics - INFO - POST /sources - user=admin, duration=1.348s, status=201 [User: username=admin, user_id=d6e84dea-f9a3-439a-a35c-aa7faf4bc1c1, role=admin] [API: endpoint=/sources, method=POST]
2025-11-07 20:37:05 - vasttams.core.telemetry:258:record_http_metrics - INFO - POST /flows - user=admin, duration=1.747s, status=201 [User: username=admin, user_id=d6e84dea-f9a3-439a-a35c-aa7faf4bc1c1, role=admin] [API: endpoint=/flows, method=POST]
2025-11-07 20:37:06 - vasttams.core.telemetry:258:record_http_metrics - INFO - POST /flows/94c714f3-cb5a-4f19-8c1c-dedf5dfa465c/storage - user=admin, duration=1.033s, status=201 [User: username=admin, user_id=d6e84dea-f9a3-439a-a35c-aa7faf4bc1c1, role=admin] [API: endpoint=/flows/94c714f3-cb5a-4f19-8c1c-dedf5dfa465c/storage, method=POST]
2025-11-07 20:37:08 - vasttams.main:293:http_exception_handler - WARNING - HTTP Exception: 404 - Object not found
2025-11-07 20:37:08 - vasttams.core.telemetry:258:record_http_metrics - INFO - DELETE /objects/204367bf-9eac-4260-b872-f5d2953f18b3 - user=admin, duration=2.283s, status=404 [User: username=admin, user_id=d6e84dea-f9a3-439a-a35c-aa7faf4bc1c1, role=admin] [API: endpoint=/objects/204367bf-9eac-4260-b872-f5d2953f18b3, method=DELETE]
2025-11-07 20:37:15 - vasttams.core.telemetry:258:record_http_metrics - INFO - POST /flows - user=admin, duration=1.924s, status=201 [User: username=admin, user_id=d6e84dea-f9a3-439a-a35c-aa7faf4bc1c1, role=admin] [API: endpoint=/flows, method=POST]
2025-11-07 20:37:19 - vasttams.main:293:http_exception_handler - WARNING - HTTP Exception: 404 - Object not found
2025-11-07 20:37:19 - vasttams.core.telemetry:258:record_http_metrics - INFO - DELETE /objects/6ef253bd-1459-4599-a087-2c16e73cead1 - user=admin, duration=2.405s, status=404 [User: username=admin, user_id=d6e84dea-f9a3-439a-a35c-aa7faf4bc1c1, role=admin] [API: endpoint=/objects/6ef253bd-1459-4599-a087-2c16e73cead1, method=DELETE]
2025-11-07 20:42:31 - vasttams.core.telemetry:258:record_http_metrics - INFO - POST /sources - user=admin, duration=1.162s, status=201 [User: username=admin, user_id=d6e84dea-f9a3-439a-a35c-aa7faf4bc1c1, role=admin] [API: endpoint=/sources, method=POST]
2025-11-07 20:42:33 - vasttams.core.telemetry:258:record_http_metrics - INFO - POST /flows - user=admin, duration=1.887s, status=201 [User: username=admin, user_id=d6e84dea-f9a3-439a-a35c-aa7faf4bc1c1, role=admin] [API: endpoint=/flows, method=POST]
2025-11-07 20:42:34 - vasttams.core.telemetry:258:record_http_metrics - INFO - POST /flows/707ceb79-07b2-476f-bb37-a788ae16da6d/storage - user=admin, duration=1.094s, status=201 [User: username=admin, user_id=d6e84dea-f9a3-439a-a35c-aa7faf4bc1c1, role=admin] [API: endpoint=/flows/707ceb79-07b2-476f-bb37-a788ae16da6d/storage, method=POST]
2025-11-07 20:42:36 - vasttams.main:293:http_exception_handler - WARNING - HTTP Exception: 404 - Object not found
2025-11-07 20:42:36 - vasttams.core.telemetry:258:record_http_metrics - INFO - DELETE /objects/88c87bd5-7ab6-49df-9138-67832f9ddbd1 - user=admin, duration=2.360s, status=404 [User: username=admin, user_id=d6e84dea-f9a3-439a-a35c-aa7faf4bc1c1, role=admin] [API: endpoint=/objects/88c87bd5-7ab6-49df-9138-67832f9ddbd1, method=DELETE]
2025-11-07 20:42:50 - vasttams.core.telemetry:258:record_http_metrics - INFO - POST /flows - user=admin, duration=1.827s, status=201 [User: username=admin, user_id=d6e84dea-f9a3-439a-a35c-aa7faf4bc1c1, role=admin] [API: endpoint=/flows, method=POST]
2025-11-07 20:42:51 - vasttams.core.telemetry:258:record_http_metrics - INFO - POST /flows/a8032108-b083-4f1b-8c69-a275e875a920/storage - user=admin, duration=1.067s, status=201 [User: username=admin, user_id=d6e84dea-f9a3-439a-a35c-aa7faf4bc1c1, role=admin] [API: endpoint=/flows/a8032108-b083-4f1b-8c69-a275e875a920/storage, method=POST]
2025-11-07 20:42:54 - vasttams.main:293:http_exception_handler - WARNING - HTTP Exception: 404 - Object not found
2025-11-07 20:42:54 - vasttams.core.telemetry:258:record_http_metrics - INFO - DELETE /objects/208fb578-ef7d-4712-b56a-a1ef05ae875f - user=admin, duration=2.291s, status=404 [User: username=admin, user_id=d6e84dea-f9a3-439a-a35c-aa7faf4bc1c1, role=admin] [API: endpoint=/objects/208fb578-ef7d-4712-b56a-a1ef05ae875f, method=DELETE]
2025-11-07 20:43:12 - vasttams.core.telemetry:258:record_http_metrics - INFO - POST /flows - user=admin, duration=1.864s, status=201 [User: username=admin, user_id=d6e84dea-f9a3-439a-a35c-aa7faf4bc1c1, role=admin] [API: endpoint=/flows, method=POST]
2025-11-07 20:43:13 - vasttams.core.telemetry:258:record_http_metrics - INFO - POST /flows/eb0504b9-731e-4fb4-822c-3b8411ac6b37/storage - user=admin, duration=1.054s, status=201 [User: username=admin, user_id=d6e84dea-f9a3-439a-a35c-aa7faf4bc1c1, role=admin] [API: endpoint=/flows/eb0504b9-731e-4fb4-822c-3b8411ac6b37/storage, method=POST]
2025-11-07 20:43:15 - vasttams.main:293:http_exception_handler - WARNING - HTTP Exception: 404 - Object not found
2025-11-07 20:43:15 - vasttams.core.telemetry:258:record_http_metrics - INFO - DELETE /objects/6ed765f0-48ad-48c6-aa0e-3ba05a5922b1 - user=admin, duration=2.193s, status=404 [User: username=admin, user_id=d6e84dea-f9a3-439a-a35c-aa7faf4bc1c1, role=admin] [API: endpoint=/objects/6ed765f0-48ad-48c6-aa0e-3ba05a5922b1, method=DELETE]
2025-11-07 20:43:19 - vasttams.main:207:lifespan - INFO - Shutting down TAMS API...
2025-11-07 20:43:19 - vasttams.main:216:lifespan - INFO - TAMS API shutdown complete
2025-11-07 20:43:27 - app.core.logging:153:setup_logging - INFO - Unified logging initialized - Debug: False, Level: INFO
2025-11-07 20:43:27 - vastdbmanager.connection_manager:44:__init__ - INFO - Initialized ConnectionManager with 1 endpoints
2025-11-07 20:43:27 - vastdbmanager.trino.client:59:__init__ - INFO - Initialized Trino client: docker1:8080/vast.default
2025-11-07 20:43:27 - vastdbmanager.core:112:__init__ - INFO - Initialized Trino query system: docker1:8080/vast
2025-11-07 20:43:27 - vastdb.features:16:__init__ - INFO - VAST version: (5, 3, 3, 1)
2025-11-07 20:43:27 - vastdbmanager.connection_manager:78:_setup_schema - INFO - Schema 'tams8-dev' already exists
2025-11-07 20:43:27 - vastdbmanager.connection_manager:60:connect - INFO - Connected to VAST database at http://docker1:4001
2025-11-07 20:43:32 - vastdbmanager.core:153:_discover_tables - INFO - Discovered and cached 17 tables
2025-11-07 20:43:32 - vastdbmanager.core:124:__init__ - INFO - Initialized VastDBManager with 1 endpoints
2025-11-07 20:43:32 - vasttams.main:76:lifespan - INFO - Starting TAMS API...
2025-11-07 20:43:34 - vasts3.client:95:__init__ - INFO - S3Client initialized with endpoint: http://docker1:4001, bucket: jthaloor-s3
2025-11-07 20:43:34 - vasts3.client:116:__init__ - INFO - S3Client initialized with bucket: jthaloor-s3, prefix: tams8-dev
2025-11-07 20:43:34 - vasttams.main:199:lifespan - INFO - TAMS API startup complete
2025-11-07 20:43:48 - vasttams.core.telemetry:258:record_http_metrics - INFO - POST /sources - user=admin, duration=1.273s, status=201 [User: username=admin, user_id=d6e84dea-f9a3-439a-a35c-aa7faf4bc1c1, role=admin] [API: endpoint=/sources, method=POST]
2025-11-07 20:43:50 - vasttams.core.telemetry:258:record_http_metrics - INFO - POST /flows - user=admin, duration=1.922s, status=201 [User: username=admin, user_id=d6e84dea-f9a3-439a-a35c-aa7faf4bc1c1, role=admin] [API: endpoint=/flows, method=POST]
2025-11-07 20:43:52 - vasttams.main:293:http_exception_handler - WARNING - HTTP Exception: 404 - Object not found
2025-11-07 20:43:52 - vasttams.core.telemetry:258:record_http_metrics - INFO - DELETE /objects/7d204720-d670-439a-9e36-1c5e4fd2070a - user=admin, duration=1.343s, status=404 [User: username=admin, user_id=d6e84dea-f9a3-439a-a35c-aa7faf4bc1c1, role=admin] [API: endpoint=/objects/7d204720-d670-439a-9e36-1c5e4fd2070a, method=DELETE]
2025-11-07 20:44:08 - vasttams.core.telemetry:258:record_http_metrics - INFO - POST /auth/login - user=anonymous, duration=1.036s, status=200 [User: ] [API: endpoint=/auth/login, method=POST]
2025-11-07 20:44:10 - vasttams.core.telemetry:258:record_http_metrics - INFO - POST /flows - user=admin, duration=1.854s, status=201 [User: username=admin, user_id=d6e84dea-f9a3-439a-a35c-aa7faf4bc1c1, role=admin] [API: endpoint=/flows, method=POST]
2025-11-07 20:44:11 - vasttams.core.telemetry:258:record_http_metrics - INFO - POST /flows/8b6d25ed-066c-4b92-973d-141eb12f0819/storage - user=admin, duration=1.041s, status=201 [User: username=admin, user_id=d6e84dea-f9a3-439a-a35c-aa7faf4bc1c1, role=admin] [API: endpoint=/flows/8b6d25ed-066c-4b92-973d-141eb12f0819/storage, method=POST]
2025-11-07 20:44:12 - vasttams.main:293:http_exception_handler - WARNING - HTTP Exception: 404 - Object not found
2025-11-07 20:44:12 - vasttams.core.telemetry:258:record_http_metrics - INFO - GET /objects/e05327eb-f3f6-43da-8dec-316b4c0621bc - user=admin, duration=0.957s, status=404 [User: username=admin, user_id=d6e84dea-f9a3-439a-a35c-aa7faf4bc1c1, role=admin] [API: endpoint=/objects/e05327eb-f3f6-43da-8dec-316b4c0621bc, method=GET]
2025-11-07 20:45:20 - vasttams.core.telemetry:258:record_http_metrics - INFO - POST /sources - user=admin, duration=1.064s, status=201 [User: username=admin, user_id=d6e84dea-f9a3-439a-a35c-aa7faf4bc1c1, role=admin] [API: endpoint=/sources, method=POST]
2025-11-07 20:45:22 - vasttams.core.telemetry:258:record_http_metrics - INFO - POST /flows - user=admin, duration=1.888s, status=201 [User: username=admin, user_id=d6e84dea-f9a3-439a-a35c-aa7faf4bc1c1, role=admin] [API: endpoint=/flows, method=POST]
2025-11-07 20:45:23 - vasttams.core.telemetry:258:record_http_metrics - INFO - POST /flows/6351ca6d-543c-4de0-936e-8b02d36df750/storage - user=admin, duration=1.052s, status=201 [User: username=admin, user_id=d6e84dea-f9a3-439a-a35c-aa7faf4bc1c1, role=admin] [API: endpoint=/flows/6351ca6d-543c-4de0-936e-8b02d36df750/storage, method=POST]
2025-11-07 20:45:24 - vasttams.main:293:http_exception_handler - WARNING - HTTP Exception: 404 - Object not found
2025-11-07 20:45:24 - vasttams.core.telemetry:258:record_http_metrics - INFO - GET /objects/4e5668a2-1584-45ce-a492-4d6f0455893a - user=admin, duration=1.359s, status=404 [User: username=admin, user_id=d6e84dea-f9a3-439a-a35c-aa7faf4bc1c1, role=admin] [API: endpoint=/objects/4e5668a2-1584-45ce-a492-4d6f0455893a, method=GET]
2025-11-07 20:47:03 - vasttams.auth.middleware:94:require_authentication - WARNING - Authentication required but no user session found
2025-11-07 20:47:03 - vasttams.core.telemetry:258:record_http_metrics - INFO - POST /sources - user=anonymous, duration=0.001s, status=401 [User: ] [API: endpoint=/sources, method=POST]
2025-11-07 20:47:18 - vasttams.core.telemetry:258:record_http_metrics - INFO - POST /sources - user=admin, duration=1.318s, status=201 [User: username=admin, user_id=d6e84dea-f9a3-439a-a35c-aa7faf4bc1c1, role=admin] [API: endpoint=/sources, method=POST]
2025-11-07 20:47:20 - vasttams.core.telemetry:258:record_http_metrics - INFO - POST /flows - user=admin, duration=1.894s, status=201 [User: username=admin, user_id=d6e84dea-f9a3-439a-a35c-aa7faf4bc1c1, role=admin] [API: endpoint=/flows, method=POST]
2025-11-07 20:47:21 - vasttams.core.telemetry:258:record_http_metrics - INFO - POST /flows/74f73317-834c-439a-aa08-211f1ff2a220/storage - user=admin, duration=1.157s, status=201 [User: username=admin, user_id=d6e84dea-f9a3-439a-a35c-aa7faf4bc1c1, role=admin] [API: endpoint=/flows/74f73317-834c-439a-aa08-211f1ff2a220/storage, method=POST]
2025-11-07 20:47:22 - vasttams.main:293:http_exception_handler - WARNING - HTTP Exception: 404 - Object not found
2025-11-07 20:47:22 - vasttams.core.telemetry:258:record_http_metrics - INFO - GET /objects/81cc9364-1ce0-4656-9ca5-3342cd5bab0a - user=admin, duration=1.208s, status=404 [User: username=admin, user_id=d6e84dea-f9a3-439a-a35c-aa7faf4bc1c1, role=admin] [API: endpoint=/objects/81cc9364-1ce0-4656-9ca5-3342cd5bab0a, method=GET]
2025-11-07 20:47:23 - vasttams.segments.service:210:create_flow_segment - ERROR - Cannot create segment for flow 74f73317-834c-439a-aa08-211f1ff2a220: object 81cc9364-1ce0-4656-9ca5-3342cd5bab0a does not exist. Objects must be created via POST /flows/{flowId}/storage before segments can reference them.
2025-11-07 20:47:23 - vasttams.segments.service:306:create_flow_segment - ERROR - Failed to create flow segment: 404: Object 81cc9364-1ce0-4656-9ca5-3342cd5bab0a not found. Objects must be allocated via POST /flows/{flowId}/storage before segments can reference them.
2025-11-07 20:47:23 - vasttams.main:295:http_exception_handler - ERROR - HTTP Exception: 500 - Internal server error
2025-11-07 20:47:23 - vasttams.core.telemetry:258:record_http_metrics - INFO - POST /flows/74f73317-834c-439a-aa08-211f1ff2a220/segments - user=admin, duration=0.408s, status=500 [User: username=admin, user_id=d6e84dea-f9a3-439a-a35c-aa7faf4bc1c1, role=admin] [API: endpoint=/flows/74f73317-834c-439a-aa08-211f1ff2a220/segments, method=POST]
2025-11-07 20:47:24 - vasttams.main:293:http_exception_handler - WARNING - HTTP Exception: 404 - Object not found
2025-11-07 20:47:24 - vasttams.core.telemetry:258:record_http_metrics - INFO - GET /objects/81cc9364-1ce0-4656-9ca5-3342cd5bab0a - user=admin, duration=1.367s, status=404 [User: username=admin, user_id=d6e84dea-f9a3-439a-a35c-aa7faf4bc1c1, role=admin] [API: endpoint=/objects/81cc9364-1ce0-4656-9ca5-3342cd5bab0a, method=GET]
2025-11-07 20:47:25 - vasttams.main:293:http_exception_handler - WARNING - HTTP Exception: 404 - Object not found
2025-11-07 20:47:25 - vasttams.core.telemetry:258:record_http_metrics - INFO - DELETE /objects/81cc9364-1ce0-4656-9ca5-3342cd5bab0a - user=admin, duration=0.923s, status=404 [User: username=admin, user_id=d6e84dea-f9a3-439a-a35c-aa7faf4bc1c1, role=admin] [API: endpoint=/objects/81cc9364-1ce0-4656-9ca5-3342cd5bab0a, method=DELETE]
2025-11-07 20:47:28 - vasts3.client:349:get_object_metadata - ERROR - Failed to get metadata for object tams/2025/11/08/378c714b-3ac5-48f9-8b9a-0d4dc2288135: An error occurred (404) when calling the HeadObject operation: Not Found
2025-11-07 20:47:29 - vasts3.client:349:get_object_metadata - ERROR - Failed to get metadata for object tams/2025/11/08/378c714b-3ac5-48f9-8b9a-0d4dc2288135: An error occurred (404) when calling the HeadObject operation: Not Found
2025-11-07 20:47:32 - vasts3.client:349:get_object_metadata - ERROR - Failed to get metadata for object tams/2025/11/08/7df5f9e5-9482-41f4-b22b-c296b1d2be23: An error occurred (404) when calling the HeadObject operation: Not Found
2025-11-07 20:47:34 - vasts3.client:349:get_object_metadata - ERROR - Failed to get metadata for object tams/2025/11/08/7df5f9e5-9482-41f4-b22b-c296b1d2be23: An error occurred (404) when calling the HeadObject operation: Not Found
2025-11-07 20:47:36 - vasts3.client:349:get_object_metadata - ERROR - Failed to get metadata for object tams/2025/11/08/f95148bc-0bb0-4cc9-ac47-00c2ae5d62e6: An error occurred (404) when calling the HeadObject operation: Not Found
2025-11-07 20:47:38 - vasts3.client:349:get_object_metadata - ERROR - Failed to get metadata for object tams/2025/11/08/f95148bc-0bb0-4cc9-ac47-00c2ae5d62e6: An error occurred (404) when calling the HeadObject operation: Not Found
2025-11-07 20:47:40 - vasts3.client:349:get_object_metadata - ERROR - Failed to get metadata for object tams/2025/11/08/fc4e4b3a-814e-445c-a518-be732fbc3b2e: An error occurred (404) when calling the HeadObject operation: Not Found
2025-11-07 20:47:42 - vasts3.client:349:get_object_metadata - ERROR - Failed to get metadata for object tams/2025/11/08/fc4e4b3a-814e-445c-a518-be732fbc3b2e: An error occurred (404) when calling the HeadObject operation: Not Found
2025-11-07 20:47:44 - vasts3.client:349:get_object_metadata - ERROR - Failed to get metadata for object tams/2025/11/08/6b3e737f-7547-4435-a7ea-c12c938410fa: An error occurred (404) when calling the HeadObject operation: Not Found
2025-11-07 20:47:46 - vasts3.client:349:get_object_metadata - ERROR - Failed to get metadata for object tams/2025/11/08/6b3e737f-7547-4435-a7ea-c12c938410fa: An error occurred (404) when calling the HeadObject operation: Not Found
2025-11-07 20:47:49 - vasts3.client:349:get_object_metadata - ERROR - Failed to get metadata for object tams/2025/11/08/152df3b0-5a61-4b0a-9c93-90204693e594: An error occurred (404) when calling the HeadObject operation: Not Found
2025-11-07 20:47:51 - vasts3.client:349:get_object_metadata - ERROR - Failed to get metadata for object tams/2025/11/08/152df3b0-5a61-4b0a-9c93-90204693e594: An error occurred (404) when calling the HeadObject operation: Not Found
2025-11-07 20:47:53 - vasts3.client:349:get_object_metadata - ERROR - Failed to get metadata for object tams/2025/11/08/ad61f0a0-b386-4d7d-a2ce-2e1b80bce35f: An error occurred (404) when calling the HeadObject operation: Not Found
2025-11-07 20:47:55 - vasts3.client:349:get_object_metadata - ERROR - Failed to get metadata for object tams/2025/11/08/ad61f0a0-b386-4d7d-a2ce-2e1b80bce35f: An error occurred (404) when calling the HeadObject operation: Not Found
2025-11-07 20:47:57 - vasts3.client:349:get_object_metadata - ERROR - Failed to get metadata for object tams/2025/11/08/0aeb630c-097c-4e36-837f-31d0804e36ea: An error occurred (404) when calling the HeadObject operation: Not Found
2025-11-07 20:47:59 - vasts3.client:349:get_object_metadata - ERROR - Failed to get metadata for object tams/2025/11/08/0aeb630c-097c-4e36-837f-31d0804e36ea: An error occurred (404) when calling the HeadObject operation: Not Found
2025-11-07 20:48:01 - vasts3.client:349:get_object_metadata - ERROR - Failed to get metadata for object tams/2025/11/08/19af24e5-eff8-44e8-9d43-e50d89be803b: An error occurred (404) when calling the HeadObject operation: Not Found
2025-11-07 20:48:03 - vasts3.client:349:get_object_metadata - ERROR - Failed to get metadata for object tams/2025/11/08/19af24e5-eff8-44e8-9d43-e50d89be803b: An error occurred (404) when calling the HeadObject operation: Not Found
2025-11-07 20:48:05 - vasts3.client:349:get_object_metadata - ERROR - Failed to get metadata for object tams/2025/11/08/2447b2a8-d5d9-4f78-a2c4-75c4e24c3703: An error occurred (404) when calling the HeadObject operation: Not Found
2025-11-07 20:48:07 - vasts3.client:349:get_object_metadata - ERROR - Failed to get metadata for object tams/2025/11/08/2447b2a8-d5d9-4f78-a2c4-75c4e24c3703: An error occurred (404) when calling the HeadObject operation: Not Found
2025-11-07 20:48:09 - vasts3.client:349:get_object_metadata - ERROR - Failed to get metadata for object tams/2025/11/08/920512fe-4d17-4595-82e0-b91a02e7cebf: An error occurred (404) when calling the HeadObject operation: Not Found
2025-11-07 20:48:11 - vasts3.client:349:get_object_metadata - ERROR - Failed to get metadata for object tams/2025/11/08/920512fe-4d17-4595-82e0-b91a02e7cebf: An error occurred (404) when calling the HeadObject operation: Not Found
2025-11-07 20:48:13 - vasts3.client:349:get_object_metadata - ERROR - Failed to get metadata for object tams/2025/11/08/890b970c-6955-443b-a9e3-47eb679f954e: An error occurred (404) when calling the HeadObject operation: Not Found
2025-11-07 20:48:15 - vasts3.client:349:get_object_metadata - ERROR - Failed to get metadata for object tams/2025/11/08/890b970c-6955-443b-a9e3-47eb679f954e: An error occurred (404) when calling the HeadObject operation: Not Found
2025-11-07 20:48:17 - vasts3.client:349:get_object_metadata - ERROR - Failed to get metadata for object tams/2025/11/08/04fbff84-8282-4137-9496-03e8229d1280: An error occurred (404) when calling the HeadObject operation: Not Found
2025-11-07 20:48:19 - vasts3.client:349:get_object_metadata - ERROR - Failed to get metadata for object tams/2025/11/08/04fbff84-8282-4137-9496-03e8229d1280: An error occurred (404) when calling the HeadObject operation: Not Found
2025-11-07 20:48:21 - vasts3.client:349:get_object_metadata - ERROR - Failed to get metadata for object tams/2025/11/08/9fc45984-5fa6-497c-9706-c97031314d2e: An error occurred (404) when calling the HeadObject operation: Not Found
2025-11-07 20:48:23 - vasts3.client:349:get_object_metadata - ERROR - Failed to get metadata for object tams/2025/11/08/9fc45984-5fa6-497c-9706-c97031314d2e: An error occurred (404) when calling the HeadObject operation: Not Found
2025-11-07 20:48:24 - vasttams.core.telemetry:443:telemetry_middleware - WARNING - Request timeout after 59.06s for DELETE /flows/74f73317-834c-439a-aa08-211f1ff2a220/segments - server may be overloaded
2025-11-07 20:48:24 - vasttams.core.telemetry:345:record_error - ERROR - Error recorded: timeout at /flows/74f73317-834c-439a-aa08-211f1ff2a220/segments: Request timeout after 59.06s
2025-11-07 20:48:25 - vasttams.main:293:http_exception_handler - WARNING - HTTP Exception: 404 - Object not found
2025-11-07 20:48:25 - vasttams.core.telemetry:258:record_http_metrics - INFO - DELETE /objects/81cc9364-1ce0-4656-9ca5-3342cd5bab0a - user=admin, duration=0.941s, status=404 [User: username=admin, user_id=d6e84dea-f9a3-439a-a35c-aa7faf4bc1c1, role=admin] [API: endpoint=/objects/81cc9364-1ce0-4656-9ca5-3342cd5bab0a, method=DELETE]
2025-11-07 20:48:28 - vasttams.core.telemetry:258:record_http_metrics - INFO - DELETE /flows/74f73317-834c-439a-aa08-211f1ff2a220 - user=admin, duration=2.709s, status=200 [User: username=admin, user_id=d6e84dea-f9a3-439a-a35c-aa7faf4bc1c1, role=admin] [API: endpoint=/flows/74f73317-834c-439a-aa08-211f1ff2a220, method=DELETE]
2025-11-07 20:48:29 - vasttams.core.telemetry:258:record_http_metrics - INFO - DELETE /sources/57ae2313-bed2-476e-abf4-c0ecf8dad2ab - user=admin, duration=1.644s, status=200 [User: username=admin, user_id=d6e84dea-f9a3-439a-a35c-aa7faf4bc1c1, role=admin] [API: endpoint=/sources/57ae2313-bed2-476e-abf4-c0ecf8dad2ab, method=DELETE]
2025-11-07 20:48:43 - vasttams.core.telemetry:258:record_http_metrics - INFO - POST /flows - user=admin, duration=2.015s, status=201 [User: username=admin, user_id=d6e84dea-f9a3-439a-a35c-aa7faf4bc1c1, role=admin] [API: endpoint=/flows, method=POST]
2025-11-07 20:48:44 - vasttams.core.telemetry:258:record_http_metrics - INFO - POST /flows/36551604-120b-4c9d-9b2e-6607901d899d/storage - user=admin, duration=1.066s, status=201 [User: username=admin, user_id=d6e84dea-f9a3-439a-a35c-aa7faf4bc1c1, role=admin] [API: endpoint=/flows/36551604-120b-4c9d-9b2e-6607901d899d/storage, method=POST]
2025-11-07 20:48:45 - vasts3.client:349:get_object_metadata - ERROR - Failed to get metadata for object tams/2025/11/08/e8c3d206-69b6-4dca-83a6-effd5f3e23a0: An error occurred (404) when calling the HeadObject operation: Not Found
2025-11-07 20:48:45 - vasttams.core.telemetry:258:record_http_metrics - INFO - GET /objects/e8c3d206-69b6-4dca-83a6-effd5f3e23a0 - user=admin, duration=1.406s, status=200 [User: username=admin, user_id=d6e84dea-f9a3-439a-a35c-aa7faf4bc1c1, role=admin] [API: endpoint=/objects/e8c3d206-69b6-4dca-83a6-effd5f3e23a0, method=GET]
2025-11-07 20:48:48 - vasttams.core.telemetry:258:record_http_metrics - INFO - POST /flows/36551604-120b-4c9d-9b2e-6607901d899d/segments - user=admin, duration=2.484s, status=201 [User: username=admin, user_id=d6e84dea-f9a3-439a-a35c-aa7faf4bc1c1, role=admin] [API: endpoint=/flows/36551604-120b-4c9d-9b2e-6607901d899d/segments, method=POST]
2025-11-07 20:48:48 - vasts3.client:349:get_object_metadata - ERROR - Failed to get metadata for object tams/2025/11/08/e8c3d206-69b6-4dca-83a6-effd5f3e23a0: An error occurred (404) when calling the HeadObject operation: Not Found
2025-11-07 20:48:49 - vasts3.client:349:get_object_metadata - ERROR - Failed to get metadata for object tams/2025/11/08/e8c3d206-69b6-4dca-83a6-effd5f3e23a0: An error occurred (404) when calling the HeadObject operation: Not Found
2025-11-07 20:48:50 - vasts3.client:349:get_object_metadata - ERROR - Failed to get metadata for object tams/2025/11/08/e8c3d206-69b6-4dca-83a6-effd5f3e23a0: An error occurred (404) when calling the HeadObject operation: Not Found
2025-11-07 20:48:51 - vasts3.client:349:get_object_metadata - ERROR - Failed to get metadata for object tams/2025/11/08/e8c3d206-69b6-4dca-83a6-effd5f3e23a0: An error occurred (404) when calling the HeadObject operation: Not Found
2025-11-07 20:48:51 - vasttams.objects.router:101:delete_object_by_id - WARNING - Dependency violation deleting object e8c3d206-69b6-4dca-83a6-effd5f3e23a0: Cannot delete object e8c3d206-69b6-4dca-83a6-effd5f3e23a0: 1 flow references exist. Objects are immutable per TAMS spec.
2025-11-07 20:48:51 - vasttams.main:293:http_exception_handler - WARNING - HTTP Exception: 409 - Cannot delete object e8c3d206-69b6-4dca-83a6-effd5f3e23a0: 1 flow references exist. Objects are immutable per TAMS spec.
2025-11-07 20:48:51 - vasttams.core.telemetry:258:record_http_metrics - INFO - DELETE /objects/e8c3d206-69b6-4dca-83a6-effd5f3e23a0 - user=admin, duration=2.261s, status=409 [User: username=admin, user_id=d6e84dea-f9a3-439a-a35c-aa7faf4bc1c1, role=admin] [API: endpoint=/objects/e8c3d206-69b6-4dca-83a6-effd5f3e23a0, method=DELETE]
2025-11-07 20:48:55 - vasts3.client:349:get_object_metadata - ERROR - Failed to get metadata for object tams/2025/11/08/e8c3d206-69b6-4dca-83a6-effd5f3e23a0: An error occurred (404) when calling the HeadObject operation: Not Found
2025-11-07 20:48:57 - vasts3.client:349:get_object_metadata - ERROR - Failed to get metadata for object tams/2025/11/08/e8c3d206-69b6-4dca-83a6-effd5f3e23a0: An error occurred (404) when calling the HeadObject operation: Not Found
2025-11-07 20:48:58 - vasttams.core.telemetry:258:record_http_metrics - INFO - DELETE /flows/36551604-120b-4c9d-9b2e-6607901d899d/segments - user=admin, duration=6.978s, status=200 [User: username=admin, user_id=d6e84dea-f9a3-439a-a35c-aa7faf4bc1c1, role=admin] [API: endpoint=/flows/36551604-120b-4c9d-9b2e-6607901d899d/segments, method=DELETE]
2025-11-07 20:49:00 - vasttams.main:293:http_exception_handler - WARNING - HTTP Exception: 404 - Object not found
2025-11-07 20:49:00 - vasttams.core.telemetry:258:record_http_metrics - INFO - DELETE /objects/e8c3d206-69b6-4dca-83a6-effd5f3e23a0 - user=admin, duration=1.432s, status=404 [User: username=admin, user_id=d6e84dea-f9a3-439a-a35c-aa7faf4bc1c1, role=admin] [API: endpoint=/objects/e8c3d206-69b6-4dca-83a6-effd5f3e23a0, method=DELETE]
2025-11-07 20:49:02 - vasttams.core.telemetry:258:record_http_metrics - INFO - DELETE /flows/36551604-120b-4c9d-9b2e-6607901d899d - user=admin, duration=2.073s, status=200 [User: username=admin, user_id=d6e84dea-f9a3-439a-a35c-aa7faf4bc1c1, role=admin] [API: endpoint=/flows/36551604-120b-4c9d-9b2e-6607901d899d, method=DELETE]
2025-11-07 20:49:04 - vasttams.core.telemetry:258:record_http_metrics - INFO - DELETE /sources/ecb5eda1-2372-49cf-a2b6-ac232a1822c2 - user=admin, duration=1.729s, status=200 [User: username=admin, user_id=d6e84dea-f9a3-439a-a35c-aa7faf4bc1c1, role=admin] [API: endpoint=/sources/ecb5eda1-2372-49cf-a2b6-ac232a1822c2, method=DELETE]
2025-11-07 20:49:11 - vasttams.core.telemetry:258:record_http_metrics - INFO - POST /flows - user=admin, duration=1.855s, status=201 [User: username=admin, user_id=d6e84dea-f9a3-439a-a35c-aa7faf4bc1c1, role=admin] [API: endpoint=/flows, method=POST]
2025-11-07 20:49:12 - vasttams.core.telemetry:258:record_http_metrics - INFO - POST /flows/344175d3-49e5-4ac9-b9e2-983077f96267/storage - user=admin, duration=1.019s, status=201 [User: username=admin, user_id=d6e84dea-f9a3-439a-a35c-aa7faf4bc1c1, role=admin] [API: endpoint=/flows/344175d3-49e5-4ac9-b9e2-983077f96267/storage, method=POST]
2025-11-07 20:49:13 - vasts3.client:349:get_object_metadata - ERROR - Failed to get metadata for object tams/2025/11/08/4edf152e-c3ee-4664-aa7b-843f91c9bbd2: An error occurred (404) when calling the HeadObject operation: Not Found
2025-11-07 20:49:13 - vasttams.core.telemetry:258:record_http_metrics - INFO - GET /objects/4edf152e-c3ee-4664-aa7b-843f91c9bbd2 - user=admin, duration=1.062s, status=200 [User: username=admin, user_id=d6e84dea-f9a3-439a-a35c-aa7faf4bc1c1, role=admin] [API: endpoint=/objects/4edf152e-c3ee-4664-aa7b-843f91c9bbd2, method=GET]
2025-11-07 20:49:16 - vasttams.core.telemetry:258:record_http_metrics - INFO - POST /flows/344175d3-49e5-4ac9-b9e2-983077f96267/segments - user=admin, duration=2.390s, status=201 [User: username=admin, user_id=d6e84dea-f9a3-439a-a35c-aa7faf4bc1c1, role=admin] [API: endpoint=/flows/344175d3-49e5-4ac9-b9e2-983077f96267/segments, method=POST]
2025-11-07 20:49:16 - vasts3.client:349:get_object_metadata - ERROR - Failed to get metadata for object tams/2025/11/08/4edf152e-c3ee-4664-aa7b-843f91c9bbd2: An error occurred (404) when calling the HeadObject operation: Not Found
2025-11-07 20:49:17 - vasts3.client:349:get_object_metadata - ERROR - Failed to get metadata for object tams/2025/11/08/4edf152e-c3ee-4664-aa7b-843f91c9bbd2: An error occurred (404) when calling the HeadObject operation: Not Found
2025-11-07 20:49:17 - vasttams.core.telemetry:258:record_http_metrics - INFO - GET /objects/4edf152e-c3ee-4664-aa7b-843f91c9bbd2 - user=admin, duration=1.231s, status=200 [User: username=admin, user_id=d6e84dea-f9a3-439a-a35c-aa7faf4bc1c1, role=admin] [API: endpoint=/objects/4edf152e-c3ee-4664-aa7b-843f91c9bbd2, method=GET]
2025-11-07 20:49:18 - vasts3.client:349:get_object_metadata - ERROR - Failed to get metadata for object tams/2025/11/08/4edf152e-c3ee-4664-aa7b-843f91c9bbd2: An error occurred (404) when calling the HeadObject operation: Not Found
2025-11-07 20:49:20 - vasts3.client:349:get_object_metadata - ERROR - Failed to get metadata for object tams/2025/11/08/4edf152e-c3ee-4664-aa7b-843f91c9bbd2: An error occurred (404) when calling the HeadObject operation: Not Found
2025-11-07 20:49:20 - vasttams.objects.router:101:delete_object_by_id - WARNING - Dependency violation deleting object 4edf152e-c3ee-4664-aa7b-843f91c9bbd2: Cannot delete object 4edf152e-c3ee-4664-aa7b-843f91c9bbd2: 1 flow references exist. Objects are immutable per TAMS spec.
2025-11-07 20:49:20 - vasttams.main:293:http_exception_handler - WARNING - HTTP Exception: 409 - Cannot delete object 4edf152e-c3ee-4664-aa7b-843f91c9bbd2: 1 flow references exist. Objects are immutable per TAMS spec.
2025-11-07 20:49:20 - vasttams.core.telemetry:258:record_http_metrics - INFO - DELETE /objects/4edf152e-c3ee-4664-aa7b-843f91c9bbd2 - user=admin, duration=2.298s, status=409 [User: username=admin, user_id=d6e84dea-f9a3-439a-a35c-aa7faf4bc1c1, role=admin] [API: endpoint=/objects/4edf152e-c3ee-4664-aa7b-843f91c9bbd2, method=DELETE]
2025-11-07 20:49:23 - vasts3.client:349:get_object_metadata - ERROR - Failed to get metadata for object tams/2025/11/08/4edf152e-c3ee-4664-aa7b-843f91c9bbd2: An error occurred (404) when calling the HeadObject operation: Not Found
2025-11-07 20:49:25 - vasts3.client:349:get_object_metadata - ERROR - Failed to get metadata for object tams/2025/11/08/4edf152e-c3ee-4664-aa7b-843f91c9bbd2: An error occurred (404) when calling the HeadObject operation: Not Found
2025-11-07 20:49:26 - vasttams.core.telemetry:258:record_http_metrics - INFO - DELETE /flows/344175d3-49e5-4ac9-b9e2-983077f96267/segments - user=admin, duration=6.394s, status=200 [User: username=admin, user_id=d6e84dea-f9a3-439a-a35c-aa7faf4bc1c1, role=admin] [API: endpoint=/flows/344175d3-49e5-4ac9-b9e2-983077f96267/segments, method=DELETE]
2025-11-07 20:49:27 - vasttams.main:293:http_exception_handler - WARNING - HTTP Exception: 404 - Object not found
2025-11-07 20:49:27 - vasttams.core.telemetry:258:record_http_metrics - INFO - DELETE /objects/4edf152e-c3ee-4664-aa7b-843f91c9bbd2 - user=admin, duration=0.901s, status=404 [User: username=admin, user_id=d6e84dea-f9a3-439a-a35c-aa7faf4bc1c1, role=admin] [API: endpoint=/objects/4edf152e-c3ee-4664-aa7b-843f91c9bbd2, method=DELETE]
2025-11-07 20:49:30 - vasttams.core.telemetry:258:record_http_metrics - INFO - DELETE /flows/344175d3-49e5-4ac9-b9e2-983077f96267 - user=admin, duration=2.687s, status=200 [User: username=admin, user_id=d6e84dea-f9a3-439a-a35c-aa7faf4bc1c1, role=admin] [API: endpoint=/flows/344175d3-49e5-4ac9-b9e2-983077f96267, method=DELETE]
2025-11-07 20:49:31 - vasttams.core.telemetry:258:record_http_metrics - INFO - DELETE /sources/461c994b-744a-4d55-b809-15407e07d155 - user=admin, duration=1.561s, status=200 [User: username=admin, user_id=d6e84dea-f9a3-439a-a35c-aa7faf4bc1c1, role=admin] [API: endpoint=/sources/461c994b-744a-4d55-b809-15407e07d155, method=DELETE]
2025-11-07 20:49:44 - vasttams.core.telemetry:258:record_http_metrics - INFO - POST /flows - user=admin, duration=1.867s, status=201 [User: username=admin, user_id=d6e84dea-f9a3-439a-a35c-aa7faf4bc1c1, role=admin] [API: endpoint=/flows, method=POST]
2025-11-07 20:49:45 - vasttams.core.telemetry:258:record_http_metrics - INFO - POST /flows/86d749d2-a04c-4f9f-8fca-56156c3ef869/storage - user=admin, duration=1.035s, status=201 [User: username=admin, user_id=d6e84dea-f9a3-439a-a35c-aa7faf4bc1c1, role=admin] [API: endpoint=/flows/86d749d2-a04c-4f9f-8fca-56156c3ef869/storage, method=POST]
2025-11-07 20:49:46 - vasts3.client:349:get_object_metadata - ERROR - Failed to get metadata for object tams/2025/11/08/f713f540-99a0-4471-8c59-034f33dc5ea0: An error occurred (404) when calling the HeadObject operation: Not Found
2025-11-07 20:49:46 - vasttams.core.telemetry:258:record_http_metrics - INFO - GET /objects/f713f540-99a0-4471-8c59-034f33dc5ea0 - user=admin, duration=1.265s, status=200 [User: username=admin, user_id=d6e84dea-f9a3-439a-a35c-aa7faf4bc1c1, role=admin] [API: endpoint=/objects/f713f540-99a0-4471-8c59-034f33dc5ea0, method=GET]
2025-11-07 20:49:47 - vasts3.client:349:get_object_metadata - ERROR - Failed to get metadata for object tams/2025/11/08/f713f540-99a0-4471-8c59-034f33dc5ea0: An error occurred (404) when calling the HeadObject operation: Not Found
2025-11-07 20:49:48 - vasts3.client:349:get_object_metadata - ERROR - Failed to get metadata for object tams/2025/11/08/f713f540-99a0-4471-8c59-034f33dc5ea0: An error occurred (404) when calling the HeadObject operation: Not Found
2025-11-07 20:49:50 - vasts3.client:349:get_object_metadata - ERROR - Failed to get metadata for object tams/2025/11/08/f713f540-99a0-4471-8c59-034f33dc5ea0: An error occurred (404) when calling the HeadObject operation: Not Found
2025-11-07 20:49:51 - vasttams.core.telemetry:258:record_http_metrics - INFO - DELETE /objects/f713f540-99a0-4471-8c59-034f33dc5ea0 - user=admin, duration=4.811s, status=200 [User: username=admin, user_id=d6e84dea-f9a3-439a-a35c-aa7faf4bc1c1, role=admin] [API: endpoint=/objects/f713f540-99a0-4471-8c59-034f33dc5ea0, method=DELETE]
2025-11-07 20:49:53 - vasttams.core.telemetry:258:record_http_metrics - INFO - DELETE /flows/86d749d2-a04c-4f9f-8fca-56156c3ef869 - user=admin, duration=2.169s, status=200 [User: username=admin, user_id=d6e84dea-f9a3-439a-a35c-aa7faf4bc1c1, role=admin] [API: endpoint=/flows/86d749d2-a04c-4f9f-8fca-56156c3ef869, method=DELETE]
2025-11-07 20:49:55 - vasttams.core.telemetry:258:record_http_metrics - INFO - DELETE /sources/32510b27-4b70-4b57-8b3e-8b69708df6ec - user=admin, duration=1.598s, status=200 [User: username=admin, user_id=d6e84dea-f9a3-439a-a35c-aa7faf4bc1c1, role=admin] [API: endpoint=/sources/32510b27-4b70-4b57-8b3e-8b69708df6ec, method=DELETE]
2025-11-07 20:50:11 - vasttams.main:207:lifespan - INFO - Shutting down TAMS API...
2025-11-07 20:50:11 - vasttams.main:216:lifespan - INFO - TAMS API shutdown complete
2025-11-07 20:51:02 - app.core.logging:153:setup_logging - INFO - Unified logging initialized - Debug: False, Level: INFO
2025-11-07 20:51:02 - vastdbmanager.connection_manager:44:__init__ - INFO - Initialized ConnectionManager with 1 endpoints
2025-11-07 20:51:02 - vastdbmanager.trino.client:59:__init__ - INFO - Initialized Trino client: docker1:8080/vast.default
2025-11-07 20:51:02 - vastdbmanager.core:112:__init__ - INFO - Initialized Trino query system: docker1:8080/vast
2025-11-07 20:51:02 - vastdb.features:16:__init__ - INFO - VAST version: (5, 3, 3, 1)
2025-11-07 20:51:02 - vastdbmanager.connection_manager:78:_setup_schema - INFO - Schema 'tams8-dev' already exists
2025-11-07 20:51:02 - vastdbmanager.connection_manager:60:connect - INFO - Connected to VAST database at http://docker1:4001
2025-11-07 20:51:03 - vastdbmanager.core:153:_discover_tables - INFO - Discovered and cached 0 tables
2025-11-07 20:51:03 - vastdbmanager.core:124:__init__ - INFO - Initialized VastDBManager with 1 endpoints
2025-11-07 20:51:03 - vasttams.main:76:lifespan - INFO - Starting TAMS API...
2025-11-07 20:51:03 - vasttams.common.storage.table_initializer:237:verify_tables_exist - WARNING - ❌ Table missing: api_tokens
2025-11-07 20:51:03 - vasttams.common.storage.table_initializer:237:verify_tables_exist - WARNING - ❌ Table missing: sources
2025-11-07 20:51:03 - vasttams.common.storage.table_initializer:237:verify_tables_exist - WARNING - ❌ Table missing: deletion_requests
2025-11-07 20:51:03 - vasttams.common.storage.table_initializer:237:verify_tables_exist - WARNING - ❌ Table missing: flows
2025-11-07 20:51:03 - vasttams.common.storage.table_initializer:237:verify_tables_exist - WARNING - ❌ Table missing: users
2025-11-07 20:51:03 - vasttams.common.storage.table_initializer:237:verify_tables_exist - WARNING - ❌ Table missing: tags
2025-11-07 20:51:03 - vasttams.common.storage.table_initializer:237:verify_tables_exist - WARNING - ❌ Table missing: flow_object_references
2025-11-07 20:51:03 - vasttams.common.storage.table_initializer:237:verify_tables_exist - WARNING - ❌ Table missing: auth_provider_configs
2025-11-07 20:51:03 - vasttams.common.storage.table_initializer:237:verify_tables_exist - WARNING - ❌ Table missing: segments
2025-11-07 20:51:03 - vasttams.common.storage.table_initializer:237:verify_tables_exist - WARNING - ❌ Table missing: objects
2025-11-07 20:51:03 - vasttams.common.storage.table_initializer:237:verify_tables_exist - WARNING - ❌ Table missing: source_collections
2025-11-07 20:51:03 - vasttams.common.storage.table_initializer:237:verify_tables_exist - WARNING - ❌ Table missing: webhooks
2025-11-07 20:51:03 - vasttams.common.storage.table_initializer:237:verify_tables_exist - WARNING - ❌ Table missing: refresh_tokens
2025-11-07 20:51:03 - vasttams.common.storage.table_initializer:237:verify_tables_exist - WARNING - ❌ Table missing: storage_backends
2025-11-07 20:51:03 - vasttams.common.storage.table_initializer:237:verify_tables_exist - WARNING - ❌ Table missing: flow_collections
2025-11-07 20:51:03 - vasttams.common.storage.table_initializer:237:verify_tables_exist - WARNING - ❌ Table missing: auth_logs
2025-11-07 20:51:03 - vasttams.common.storage.table_initializer:237:verify_tables_exist - WARNING - ❌ Table missing: object_instances
2025-11-07 20:51:03 - vasttams.common.storage.table_initializer:241:verify_tables_exist - WARNING - Missing tables: ['api_tokens', 'sources', 'deletion_requests', 'flows', 'users', 'tags', 'flow_object_references', 'auth_provider_configs', 'segments', 'objects', 'source_collections', 'webhooks', 'refresh_tokens', 'storage_backends', 'flow_collections', 'auth_logs', 'object_instances']
2025-11-07 20:51:03 - vasttams.main:95:lifespan - WARNING - Missing tables detected: ['api_tokens', 'sources', 'deletion_requests', 'flows', 'users', 'tags', 'flow_object_references', 'auth_provider_configs', 'segments', 'objects', 'source_collections', 'webhooks', 'refresh_tokens', 'storage_backends', 'flow_collections', 'auth_logs', 'object_instances']
2025-11-07 20:51:03 - vastdb.schema:98:create_table - INFO - Created table: users
2025-11-07 20:51:04 - vastdb.table:679:create_projection - INFO - Created projection: projection_1
2025-11-07 20:51:04 - vastdb.table:773:_parse_projection_info - INFO - Projection info TableInfo(name='projection_1', properties='', handle='5892693435666553393', num_rows=0, size_in_bytes=0, num_partitions=0, sorting_key_enabled=False, sorting_score=0, write_amplification=0, acummulative_row_insertion_count=0, sorting_done=False)
2025-11-07 20:51:04 - vastdbmanager.table_operations:160:_add_vast_projections - INFO - Created VAST projection 'projection_1' with 0 sorted, 1 unsorted columns
2025-11-07 20:51:04 - vastdb.table:679:create_projection - INFO - Created projection: projection_2
2025-11-07 20:51:04 - vastdb.table:773:_parse_projection_info - INFO - Projection info TableInfo(name='projection_2', properties='', handle='17827386428859002447', num_rows=0, size_in_bytes=0, num_partitions=0, sorting_key_enabled=False, sorting_score=0, write_amplification=0, acummulative_row_insertion_count=0, sorting_done=False)
2025-11-07 20:51:04 - vastdbmanager.table_operations:160:_add_vast_projections - INFO - Created VAST projection 'projection_2' with 0 sorted, 1 unsorted columns
2025-11-07 20:51:04 - vastdb.table:679:create_projection - INFO - Created projection: projection_3
2025-11-07 20:51:04 - vastdb.table:773:_parse_projection_info - INFO - Projection info TableInfo(name='projection_3', properties='', handle='206789375363291428', num_rows=0, size_in_bytes=0, num_partitions=0, sorting_key_enabled=False, sorting_score=0, write_amplification=0, acummulative_row_insertion_count=0, sorting_done=False)
2025-11-07 20:51:04 - vastdbmanager.table_operations:160:_add_vast_projections - INFO - Created VAST projection 'projection_3' with 0 sorted, 1 unsorted columns
2025-11-07 20:51:04 - vastdb.table:679:create_projection - INFO - Created projection: projection_4
2025-11-07 20:51:04 - vastdb.table:773:_parse_projection_info - INFO - Projection info TableInfo(name='projection_4', properties='', handle='2158644311626397036', num_rows=0, size_in_bytes=0, num_partitions=0, sorting_key_enabled=False, sorting_score=0, write_amplification=0, acummulative_row_insertion_count=0, sorting_done=False)
2025-11-07 20:51:04 - vastdbmanager.table_operations:160:_add_vast_projections - INFO - Created VAST projection 'projection_4' with 0 sorted, 1 unsorted columns
2025-11-07 20:51:04 - vastdbmanager.table_operations:162:_add_vast_projections - INFO - Successfully added 4 projections to table
2025-11-07 20:51:04 - vastdbmanager.table_operations:56:create_table - INFO - Created table users with projections: {'projection_1': ['id'], 'projection_2': ['username'], 'projection_3': ['email'], 'projection_4': ['role']}
2025-11-07 20:51:05 - vastdb.schema:98:create_table - INFO - Created table: api_tokens
2025-11-07 20:51:05 - vastdb.table:679:create_projection - INFO - Created projection: projection_1
2025-11-07 20:51:05 - vastdb.table:773:_parse_projection_info - INFO - Projection info TableInfo(name='projection_1', properties='', handle='17222410110717926230', num_rows=0, size_in_bytes=0, num_partitions=0, sorting_key_enabled=False, sorting_score=0, write_amplification=0, acummulative_row_insertion_count=0, sorting_done=False)
2025-11-07 20:51:05 - vastdbmanager.table_operations:160:_add_vast_projections - INFO - Created VAST projection 'projection_1' with 0 sorted, 1 unsorted columns
2025-11-07 20:51:05 - vastdb.table:679:create_projection - INFO - Created projection: projection_2
2025-11-07 20:51:05 - vastdb.table:773:_parse_projection_info - INFO - Projection info TableInfo(name='projection_2', properties='', handle='8626316550743845403', num_rows=0, size_in_bytes=0, num_partitions=0, sorting_key_enabled=False, sorting_score=0, write_amplification=0, acummulative_row_insertion_count=0, sorting_done=False)
2025-11-07 20:51:05 - vastdbmanager.table_operations:160:_add_vast_projections - INFO - Created VAST projection 'projection_2' with 0 sorted, 1 unsorted columns
2025-11-07 20:51:05 - vastdb.table:679:create_projection - INFO - Created projection: projection_3
2025-11-07 20:51:06 - vastdb.table:773:_parse_projection_info - INFO - Projection info TableInfo(name='projection_3', properties='', handle='17764777757448282575', num_rows=0, size_in_bytes=0, num_partitions=0, sorting_key_enabled=False, sorting_score=0, write_amplification=0, acummulative_row_insertion_count=0, sorting_done=False)
2025-11-07 20:51:06 - vastdbmanager.table_operations:160:_add_vast_projections - INFO - Created VAST projection 'projection_3' with 0 sorted, 1 unsorted columns
2025-11-07 20:51:06 - vastdbmanager.table_operations:162:_add_vast_projections - INFO - Successfully added 3 projections to table
2025-11-07 20:51:06 - vastdbmanager.table_operations:56:create_table - INFO - Created table api_tokens with projections: {'projection_1': ['id'], 'projection_2': ['user_id'], 'projection_3': ['token_hash']}
2025-11-07 20:51:06 - vastdb.schema:98:create_table - INFO - Created table: refresh_tokens
2025-11-07 20:51:06 - vastdb.table:679:create_projection - INFO - Created projection: projection_1
2025-11-07 20:51:06 - vastdb.table:773:_parse_projection_info - INFO - Projection info TableInfo(name='projection_1', properties='', handle='15319714201540842781', num_rows=0, size_in_bytes=0, num_partitions=0, sorting_key_enabled=False, sorting_score=0, write_amplification=0, acummulative_row_insertion_count=0, sorting_done=False)
2025-11-07 20:51:06 - vastdbmanager.table_operations:160:_add_vast_projections - INFO - Created VAST projection 'projection_1' with 0 sorted, 1 unsorted columns
2025-11-07 20:51:07 - vastdb.table:679:create_projection - INFO - Created projection: projection_2
2025-11-07 20:51:07 - vastdb.table:773:_parse_projection_info - INFO - Projection info TableInfo(name='projection_2', properties='', handle='15975710329701636228', num_rows=0, size_in_bytes=0, num_partitions=0, sorting_key_enabled=False, sorting_score=0, write_amplification=0, acummulative_row_insertion_count=0, sorting_done=False)
2025-11-07 20:51:07 - vastdbmanager.table_operations:160:_add_vast_projections - INFO - Created VAST projection 'projection_2' with 0 sorted, 1 unsorted columns
2025-11-07 20:51:07 - vastdb.table:679:create_projection - INFO - Created projection: projection_3
2025-11-07 20:51:07 - vastdb.table:773:_parse_projection_info - INFO - Projection info TableInfo(name='projection_3', properties='', handle='7608572309922685611', num_rows=0, size_in_bytes=0, num_partitions=0, sorting_key_enabled=False, sorting_score=0, write_amplification=0, acummulative_row_insertion_count=0, sorting_done=False)
2025-11-07 20:51:07 - vastdbmanager.table_operations:160:_add_vast_projections - INFO - Created VAST projection 'projection_3' with 0 sorted, 1 unsorted columns
2025-11-07 20:51:07 - vastdbmanager.table_operations:162:_add_vast_projections - INFO - Successfully added 3 projections to table
2025-11-07 20:51:07 - vastdbmanager.table_operations:56:create_table - INFO - Created table refresh_tokens with projections: {'projection_1': ['id'], 'projection_2': ['user_id'], 'projection_3': ['token_hash']}
2025-11-07 20:51:07 - vastdb.schema:98:create_table - INFO - Created table: auth_logs
2025-11-07 20:51:08 - vastdb.table:679:create_projection - INFO - Created projection: projection_1
2025-11-07 20:51:08 - vastdb.table:773:_parse_projection_info - INFO - Projection info TableInfo(name='projection_1', properties='', handle='14692632529281979793', num_rows=0, size_in_bytes=0, num_partitions=0, sorting_key_enabled=False, sorting_score=0, write_amplification=0, acummulative_row_insertion_count=0, sorting_done=False)
2025-11-07 20:51:08 - vastdbmanager.table_operations:160:_add_vast_projections - INFO - Created VAST projection 'projection_1' with 0 sorted, 1 unsorted columns
2025-11-07 20:51:08 - vastdb.table:679:create_projection - INFO - Created projection: projection_2
2025-11-07 20:51:08 - vastdb.table:773:_parse_projection_info - INFO - Projection info TableInfo(name='projection_2', properties='', handle='5800876423509354331', num_rows=0, size_in_bytes=0, num_partitions=0, sorting_key_enabled=False, sorting_score=0, write_amplification=0, acummulative_row_insertion_count=0, sorting_done=False)
2025-11-07 20:51:08 - vastdbmanager.table_operations:160:_add_vast_projections - INFO - Created VAST projection 'projection_2' with 0 sorted, 1 unsorted columns
2025-11-07 20:51:08 - vastdb.table:679:create_projection - INFO - Created projection: projection_3
2025-11-07 20:51:08 - vastdb.table:773:_parse_projection_info - INFO - Projection info TableInfo(name='projection_3', properties='', handle='13809637609566934116', num_rows=0, size_in_bytes=0, num_partitions=0, sorting_key_enabled=False, sorting_score=0, write_amplification=0, acummulative_row_insertion_count=0, sorting_done=False)
2025-11-07 20:51:08 - vastdbmanager.table_operations:160:_add_vast_projections - INFO - Created VAST projection 'projection_3' with 0 sorted, 1 unsorted columns
2025-11-07 20:51:08 - vastdb.table:679:create_projection - INFO - Created projection: projection_4
2025-11-07 20:51:08 - vastdb.table:773:_parse_projection_info - INFO - Projection info TableInfo(name='projection_4', properties='', handle='18292566254367292492', num_rows=0, size_in_bytes=0, num_partitions=0, sorting_key_enabled=False, sorting_score=0, write_amplification=0, acummulative_row_insertion_count=0, sorting_done=False)
2025-11-07 20:51:08 - vastdbmanager.table_operations:160:_add_vast_projections - INFO - Created VAST projection 'projection_4' with 0 sorted, 1 unsorted columns
2025-11-07 20:51:08 - vastdbmanager.table_operations:162:_add_vast_projections - INFO - Successfully added 4 projections to table
2025-11-07 20:51:08 - vastdbmanager.table_operations:56:create_table - INFO - Created table auth_logs with projections: {'projection_1': ['id'], 'projection_2': ['user_id'], 'projection_3': ['event_type'], 'projection_4': ['created']}
2025-11-07 20:51:09 - vastdb.schema:98:create_table - INFO - Created table: auth_provider_configs
2025-11-07 20:51:09 - vastdb.table:679:create_projection - INFO - Created projection: projection_1
2025-11-07 20:51:09 - vastdb.table:773:_parse_projection_info - INFO - Projection info TableInfo(name='projection_1', properties='', handle='14654424773126563023', num_rows=0, size_in_bytes=0, num_partitions=0, sorting_key_enabled=False, sorting_score=0, write_amplification=0, acummulative_row_insertion_count=0, sorting_done=False)
2025-11-07 20:51:09 - vastdbmanager.table_operations:160:_add_vast_projections - INFO - Created VAST projection 'projection_1' with 0 sorted, 1 unsorted columns
2025-11-07 20:51:09 - vastdb.table:679:create_projection - INFO - Created projection: projection_2
2025-11-07 20:51:09 - vastdb.table:773:_parse_projection_info - INFO - Projection info TableInfo(name='projection_2', properties='', handle='1185058680966325010', num_rows=0, size_in_bytes=0, num_partitions=0, sorting_key_enabled=False, sorting_score=0, write_amplification=0, acummulative_row_insertion_count=0, sorting_done=False)
2025-11-07 20:51:09 - vastdbmanager.table_operations:160:_add_vast_projections - INFO - Created VAST projection 'projection_2' with 0 sorted, 1 unsorted columns
2025-11-07 20:51:10 - vastdb.table:679:create_projection - INFO - Created projection: projection_3
2025-11-07 20:51:10 - vastdb.table:773:_parse_projection_info - INFO - Projection info TableInfo(name='projection_3', properties='', handle='4813135378003922998', num_rows=0, size_in_bytes=0, num_partitions=0, sorting_key_enabled=False, sorting_score=0, write_amplification=0, acummulative_row_insertion_count=0, sorting_done=False)
2025-11-07 20:51:10 - vastdbmanager.table_operations:160:_add_vast_projections - INFO - Created VAST projection 'projection_3' with 0 sorted, 1 unsorted columns
2025-11-07 20:51:10 - vastdbmanager.table_operations:162:_add_vast_projections - INFO - Successfully added 3 projections to table
2025-11-07 20:51:10 - vastdbmanager.table_operations:56:create_table - INFO - Created table auth_provider_configs with projections: {'projection_1': ['method'], 'projection_2': ['enabled'], 'projection_3': ['order']}
2025-11-07 20:51:10 - vastdb.schema:98:create_table - INFO - Created table: storage_backends
2025-11-07 20:51:11 - vastdb.table:679:create_projection - INFO - Created projection: projection_1
2025-11-07 20:51:11 - vastdb.table:773:_parse_projection_info - INFO - Projection info TableInfo(name='projection_1', properties='', handle='6121387582534484818', num_rows=0, size_in_bytes=0, num_partitions=0, sorting_key_enabled=False, sorting_score=0, write_amplification=0, acummulative_row_insertion_count=0, sorting_done=False)
2025-11-07 20:51:11 - vastdbmanager.table_operations:160:_add_vast_projections - INFO - Created VAST projection 'projection_1' with 0 sorted, 1 unsorted columns
2025-11-07 20:51:11 - vastdb.table:679:create_projection - INFO - Created projection: projection_2
2025-11-07 20:51:11 - vastdb.table:773:_parse_projection_info - INFO - Projection info TableInfo(name='projection_2', properties='', handle='5113129536523959122', num_rows=0, size_in_bytes=0, num_partitions=0, sorting_key_enabled=False, sorting_score=0, write_amplification=0, acummulative_row_insertion_count=0, sorting_done=False)
2025-11-07 20:51:11 - vastdbmanager.table_operations:160:_add_vast_projections - INFO - Created VAST projection 'projection_2' with 0 sorted, 5 unsorted columns
2025-11-07 20:51:11 - vastdb.table:679:create_projection - INFO - Created projection: projection_3
2025-11-07 20:51:11 - vastdb.table:773:_parse_projection_info - INFO - Projection info TableInfo(name='projection_3', properties='', handle='13450076166767256653', num_rows=0, size_in_bytes=0, num_partitions=0, sorting_key_enabled=False, sorting_score=0, write_amplification=0, acummulative_row_insertion_count=0, sorting_done=False)
2025-11-07 20:51:11 - vastdbmanager.table_operations:160:_add_vast_projections - INFO - Created VAST projection 'projection_3' with 0 sorted, 2 unsorted columns
2025-11-07 20:51:11 - vastdbmanager.table_operations:162:_add_vast_projections - INFO - Successfully added 3 projections to table
2025-11-07 20:51:11 - vastdbmanager.table_operations:56:create_table - INFO - Created table storage_backends with projections: {'projection_1': ['id'], 'projection_2': ['id', 'label', 'store_type', 'provider', 'endpoint_url'], 'projection_3': ['id', 'default_storage']}
2025-11-07 20:51:12 - vastdb.schema:98:create_table - INFO - Created table: sources
2025-11-07 20:51:12 - vastdb.table:679:create_projection - INFO - Created projection: projection_1
2025-11-07 20:51:12 - vastdb.table:773:_parse_projection_info - INFO - Projection info TableInfo(name='projection_1', properties='', handle='10967525471756967440', num_rows=0, size_in_bytes=0, num_partitions=0, sorting_key_enabled=False, sorting_score=0, write_amplification=0, acummulative_row_insertion_count=0, sorting_done=False)
2025-11-07 20:51:12 - vastdbmanager.table_operations:160:_add_vast_projections - INFO - Created VAST projection 'projection_1' with 0 sorted, 1 unsorted columns
2025-11-07 20:51:12 - vastdb.table:679:create_projection - INFO - Created projection: projection_2
2025-11-07 20:51:12 - vastdb.table:773:_parse_projection_info - INFO - Projection info TableInfo(name='projection_2', properties='', handle='2039802307884828974', num_rows=0, size_in_bytes=0, num_partitions=0, sorting_key_enabled=False, sorting_score=0, write_amplification=0, acummulative_row_insertion_count=0, sorting_done=False)
2025-11-07 20:51:12 - vastdbmanager.table_operations:160:_add_vast_projections - INFO - Created VAST projection 'projection_2' with 0 sorted, 2 unsorted columns
2025-11-07 20:51:12 - vastdb.table:679:create_projection - INFO - Created projection: projection_3
2025-11-07 20:51:12 - vastdb.table:773:_parse_projection_info - INFO - Projection info TableInfo(name='projection_3', properties='', handle='9851401041628844991', num_rows=0, size_in_bytes=0, num_partitions=0, sorting_key_enabled=False, sorting_score=0, write_amplification=0, acummulative_row_insertion_count=0, sorting_done=False)
2025-11-07 20:51:12 - vastdbmanager.table_operations:160:_add_vast_projections - INFO - Created VAST projection 'projection_3' with 0 sorted, 2 unsorted columns
2025-11-07 20:51:12 - vastdb.table:679:create_projection - INFO - Created projection: projection_4
2025-11-07 20:51:12 - vastdb.table:773:_parse_projection_info - INFO - Projection info TableInfo(name='projection_4', properties='', handle='1703477209806540597', num_rows=0, size_in_bytes=0, num_partitions=0, sorting_key_enabled=False, sorting_score=0, write_amplification=0, acummulative_row_insertion_count=0, sorting_done=False)
2025-11-07 20:51:12 - vastdbmanager.table_operations:160:_add_vast_projections - INFO - Created VAST projection 'projection_4' with 0 sorted, 2 unsorted columns
2025-11-07 20:51:12 - vastdbmanager.table_operations:162:_add_vast_projections - INFO - Successfully added 4 projections to table
2025-11-07 20:51:12 - vastdbmanager.table_operations:56:create_table - INFO - Created table sources with projections: {'projection_1': ['id'], 'projection_2': ['id', 'format'], 'projection_3': ['id', 'created'], 'projection_4': ['format', 'created']}
2025-11-07 20:51:13 - vastdb.schema:98:create_table - INFO - Created table: flows
2025-11-07 20:51:13 - vastdb.table:679:create_projection - INFO - Created projection: projection_1
2025-11-07 20:51:13 - vastdb.table:773:_parse_projection_info - INFO - Projection info TableInfo(name='projection_1', properties='', handle='13180912198047957111', num_rows=0, size_in_bytes=0, num_partitions=0, sorting_key_enabled=False, sorting_score=0, write_amplification=0, acummulative_row_insertion_count=0, sorting_done=False)
2025-11-07 20:51:13 - vastdbmanager.table_operations:160:_add_vast_projections - INFO - Created VAST projection 'projection_1' with 0 sorted, 1 unsorted columns
2025-11-07 20:51:13 - vastdb.table:679:create_projection - INFO - Created projection: projection_2
2025-11-07 20:51:14 - vastdb.table:773:_parse_projection_info - INFO - Projection info TableInfo(name='projection_2', properties='', handle='6472731742529632393', num_rows=0, size_in_bytes=0, num_partitions=0, sorting_key_enabled=False, sorting_score=0, write_amplification=0, acummulative_row_insertion_count=0, sorting_done=False)
2025-11-07 20:51:14 - vastdbmanager.table_operations:160:_add_vast_projections - INFO - Created VAST projection 'projection_2' with 0 sorted, 2 unsorted columns
2025-11-07 20:51:14 - vastdb.table:679:create_projection - INFO - Created projection: projection_3
2025-11-07 20:51:14 - vastdb.table:773:_parse_projection_info - INFO - Projection info TableInfo(name='projection_3', properties='', handle='17645424084572152860', num_rows=0, size_in_bytes=0, num_partitions=0, sorting_key_enabled=False, sorting_score=0, write_amplification=0, acummulative_row_insertion_count=0, sorting_done=False)
2025-11-07 20:51:14 - vastdbmanager.table_operations:160:_add_vast_projections - INFO - Created VAST projection 'projection_3' with 0 sorted, 2 unsorted columns
2025-11-07 20:51:14 - vastdb.table:679:create_projection - INFO - Created projection: projection_4
2025-11-07 20:51:14 - vastdb.table:773:_parse_projection_info - INFO - Projection info TableInfo(name='projection_4', properties='', handle='6182673122034508322', num_rows=0, size_in_bytes=0, num_partitions=0, sorting_key_enabled=False, sorting_score=0, write_amplification=0, acummulative_row_insertion_count=0, sorting_done=False)
2025-11-07 20:51:14 - vastdbmanager.table_operations:160:_add_vast_projections - INFO - Created VAST projection 'projection_4' with 0 sorted, 2 unsorted columns
2025-11-07 20:51:14 - vastdbmanager.table_operations:162:_add_vast_projections - INFO - Successfully added 4 projections to table
2025-11-07 20:51:14 - vastdbmanager.table_operations:56:create_table - INFO - Created table flows with projections: {'projection_1': ['id'], 'projection_2': ['id', 'source_id'], 'projection_3': ['id', 'format'], 'projection_4': ['source_id', 'format']}
2025-11-07 20:51:15 - vastdb.schema:98:create_table - INFO - Created table: objects
2025-11-07 20:51:15 - vastdb.table:679:create_projection - INFO - Created projection: projection_1
2025-11-07 20:51:15 - vastdb.table:773:_parse_projection_info - INFO - Projection info TableInfo(name='projection_1', properties='', handle='2642175298856084003', num_rows=0, size_in_bytes=0, num_partitions=0, sorting_key_enabled=False, sorting_score=0, write_amplification=0, acummulative_row_insertion_count=0, sorting_done=False)
2025-11-07 20:51:15 - vastdbmanager.table_operations:160:_add_vast_projections - INFO - Created VAST projection 'projection_1' with 0 sorted, 1 unsorted columns
2025-11-07 20:51:15 - vastdb.table:679:create_projection - INFO - Created projection: projection_2
2025-11-07 20:51:15 - vastdb.table:773:_parse_projection_info - INFO - Projection info TableInfo(name='projection_2', properties='', handle='18334825356237501588', num_rows=0, size_in_bytes=0, num_partitions=0, sorting_key_enabled=False, sorting_score=0, write_amplification=0, acummulative_row_insertion_count=0, sorting_done=False)
2025-11-07 20:51:15 - vastdbmanager.table_operations:160:_add_vast_projections - INFO - Created VAST projection 'projection_2' with 0 sorted, 2 unsorted columns
2025-11-07 20:51:15 - vastdb.table:679:create_projection - INFO - Created projection: projection_3
2025-11-07 20:51:15 - vastdb.table:773:_parse_projection_info - INFO - Projection info TableInfo(name='projection_3', properties='', handle='4544547874450544740', num_rows=0, size_in_bytes=0, num_partitions=0, sorting_key_enabled=False, sorting_score=0, write_amplification=0, acummulative_row_insertion_count=0, sorting_done=False)
2025-11-07 20:51:15 - vastdbmanager.table_operations:160:_add_vast_projections - INFO - Created VAST projection 'projection_3' with 0 sorted, 1 unsorted columns
2025-11-07 20:51:15 - vastdbmanager.table_operations:162:_add_vast_projections - INFO - Successfully added 3 projections to table
2025-11-07 20:51:15 - vastdbmanager.table_operations:56:create_table - INFO - Created table objects with projections: {'projection_1': ['id'], 'projection_2': ['id', 'first_referenced_by_flow'], 'projection_3': ['created']}
2025-11-07 20:51:16 - vastdb.schema:98:create_table - INFO - Created table: object_instances
2025-11-07 20:51:16 - vastdbmanager.table_operations:56:create_table - INFO - Created table object_instances with projections: none
2025-11-07 20:51:17 - vastdb.schema:98:create_table - INFO - Created table: segments
2025-11-07 20:51:17 - vastdb.table:679:create_projection - INFO - Created projection: projection_1
2025-11-07 20:51:17 - vastdb.table:773:_parse_projection_info - INFO - Projection info TableInfo(name='projection_1', properties='', handle='9901568658732865086', num_rows=0, size_in_bytes=0, num_partitions=0, sorting_key_enabled=False, sorting_score=0, write_amplification=0, acummulative_row_insertion_count=0, sorting_done=False)
2025-11-07 20:51:17 - vastdbmanager.table_operations:160:_add_vast_projections - INFO - Created VAST projection 'projection_1' with 0 sorted, 1 unsorted columns
2025-11-07 20:51:17 - vastdb.table:679:create_projection - INFO - Created projection: projection_2
2025-11-07 20:51:17 - vastdb.table:773:_parse_projection_info - INFO - Projection info TableInfo(name='projection_2', properties='', handle='193315462766906254', num_rows=0, size_in_bytes=0, num_partitions=0, sorting_key_enabled=False, sorting_score=0, write_amplification=0, acummulative_row_insertion_count=0, sorting_done=False)
2025-11-07 20:51:17 - vastdbmanager.table_operations:160:_add_vast_projections - INFO - Created VAST projection 'projection_2' with 0 sorted, 2 unsorted columns
2025-11-07 20:51:17 - vastdb.table:679:create_projection - INFO - Created projection: projection_3
2025-11-07 20:51:17 - vastdb.table:773:_parse_projection_info - INFO - Projection info TableInfo(name='projection_3', properties='', handle='10072085253544254117', num_rows=0, size_in_bytes=0, num_partitions=0, sorting_key_enabled=False, sorting_score=0, write_amplification=0, acummulative_row_insertion_count=0, sorting_done=False)
2025-11-07 20:51:17 - vastdbmanager.table_operations:160:_add_vast_projections - INFO - Created VAST projection 'projection_3' with 1 sorted, 1 unsorted columns
2025-11-07 20:51:17 - vastdb.table:679:create_projection - INFO - Created projection: projection_4
2025-11-07 20:51:17 - vastdb.table:773:_parse_projection_info - INFO - Projection info TableInfo(name='projection_4', properties='', handle='12871756265579876744', num_rows=0, size_in_bytes=0, num_partitions=0, sorting_key_enabled=False, sorting_score=0, write_amplification=0, acummulative_row_insertion_count=0, sorting_done=False)
2025-11-07 20:51:17 - vastdbmanager.table_operations:160:_add_vast_projections - INFO - Created VAST projection 'projection_4' with 1 sorted, 1 unsorted columns
2025-11-07 20:51:17 - vastdbmanager.table_operations:162:_add_vast_projections - INFO - Successfully added 4 projections to table
2025-11-07 20:51:17 - vastdbmanager.table_operations:56:create_table - INFO - Created table segments with projections: {'projection_1': ['id'], 'projection_2': ['id', 'flow_id'], 'projection_3': ['flow_id', 'timerange_start'], 'projection_4': ['flow_id', 'timerange_end']}
2025-11-07 20:51:18 - vastdb.schema:98:create_table - INFO - Created table: flow_object_references
2025-11-07 20:51:18 - vastdb.table:679:create_projection - INFO - Created projection: projection_1
2025-11-07 20:51:18 - vastdb.table:773:_parse_projection_info - INFO - Projection info TableInfo(name='projection_1', properties='', handle='10416433406320812573', num_rows=0, size_in_bytes=0, num_partitions=0, sorting_key_enabled=False, sorting_score=0, write_amplification=0, acummulative_row_insertion_count=0, sorting_done=False)
2025-11-07 20:51:18 - vastdbmanager.table_operations:160:_add_vast_projections - INFO - Created VAST projection 'projection_1' with 0 sorted, 1 unsorted columns
2025-11-07 20:51:18 - vastdb.table:679:create_projection - INFO - Created projection: projection_2
2025-11-07 20:51:19 - vastdb.table:773:_parse_projection_info - INFO - Projection info TableInfo(name='projection_2', properties='', handle='15118687330164022301', num_rows=0, size_in_bytes=0, num_partitions=0, sorting_key_enabled=False, sorting_score=0, write_amplification=0, acummulative_row_insertion_count=0, sorting_done=False)
2025-11-07 20:51:19 - vastdbmanager.table_operations:160:_add_vast_projections - INFO - Created VAST projection 'projection_2' with 0 sorted, 1 unsorted columns
2025-11-07 20:51:19 - vastdb.table:679:create_projection - INFO - Created projection: projection_3
2025-11-07 20:51:19 - vastdb.table:773:_parse_projection_info - INFO - Projection info TableInfo(name='projection_3', properties='', handle='7908591278012991626', num_rows=0, size_in_bytes=0, num_partitions=0, sorting_key_enabled=False, sorting_score=0, write_amplification=0, acummulative_row_insertion_count=0, sorting_done=False)
2025-11-07 20:51:19 - vastdbmanager.table_operations:160:_add_vast_projections - INFO - Created VAST projection 'projection_3' with 0 sorted, 2 unsorted columns
2025-11-07 20:51:19 - vastdbmanager.table_operations:162:_add_vast_projections - INFO - Successfully added 3 projections to table
2025-11-07 20:51:19 - vastdbmanager.table_operations:56:create_table - INFO - Created table flow_object_references with projections: {'projection_1': ['flow_id'], 'projection_2': ['object_id'], 'projection_3': ['flow_id', 'object_id']}
2025-11-07 20:51:19 - vastdb.schema:98:create_table - INFO - Created table: flow_collections
2025-11-07 20:51:19 - vastdb.table:679:create_projection - INFO - Created projection: projection_1
2025-11-07 20:51:20 - vastdb.table:773:_parse_projection_info - INFO - Projection info TableInfo(name='projection_1', properties='', handle='5628423418848766941', num_rows=0, size_in_bytes=0, num_partitions=0, sorting_key_enabled=False, sorting_score=0, write_amplification=0, acummulative_row_insertion_count=0, sorting_done=False)
2025-11-07 20:51:20 - vastdbmanager.table_operations:160:_add_vast_projections - INFO - Created VAST projection 'projection_1' with 0 sorted, 1 unsorted columns
2025-11-07 20:51:20 - vastdb.table:679:create_projection - INFO - Created projection: projection_2
2025-11-07 20:51:20 - vastdb.table:773:_parse_projection_info - INFO - Projection info TableInfo(name='projection_2', properties='', handle='2670346853995797941', num_rows=0, size_in_bytes=0, num_partitions=0, sorting_key_enabled=False, sorting_score=0, write_amplification=0, acummulative_row_insertion_count=0, sorting_done=False)
2025-11-07 20:51:20 - vastdbmanager.table_operations:160:_add_vast_projections - INFO - Created VAST projection 'projection_2' with 0 sorted, 2 unsorted columns
2025-11-07 20:51:20 - vastdb.table:679:create_projection - INFO - Created projection: projection_3
2025-11-07 20:51:20 - vastdb.table:773:_parse_projection_info - INFO - Projection info TableInfo(name='projection_3', properties='', handle='387634524142788321', num_rows=0, size_in_bytes=0, num_partitions=0, sorting_key_enabled=False, sorting_score=0, write_amplification=0, acummulative_row_insertion_count=0, sorting_done=False)
2025-11-07 20:51:20 - vastdbmanager.table_operations:160:_add_vast_projections - INFO - Created VAST projection 'projection_3' with 0 sorted, 1 unsorted columns
2025-11-07 20:51:20 - vastdbmanager.table_operations:162:_add_vast_projections - INFO - Successfully added 3 projections to table
2025-11-07 20:51:20 - vastdbmanager.table_operations:56:create_table - INFO - Created table flow_collections with projections: {'projection_1': ['id'], 'projection_2': ['id', 'flow_id'], 'projection_3': ['flow_id']}
2025-11-07 20:51:20 - vastdb.schema:98:create_table - INFO - Created table: source_collections
2025-11-07 20:51:21 - vastdb.table:679:create_projection - INFO - Created projection: projection_1
2025-11-07 20:51:21 - vastdb.table:773:_parse_projection_info - INFO - Projection info TableInfo(name='projection_1', properties='', handle='2280055944061870381', num_rows=0, size_in_bytes=0, num_partitions=0, sorting_key_enabled=False, sorting_score=0, write_amplification=0, acummulative_row_insertion_count=0, sorting_done=False)
2025-11-07 20:51:21 - vastdbmanager.table_operations:160:_add_vast_projections - INFO - Created VAST projection 'projection_1' with 0 sorted, 1 unsorted columns
2025-11-07 20:51:21 - vastdb.table:679:create_projection - INFO - Created projection: projection_2
2025-11-07 20:51:21 - vastdb.table:773:_parse_projection_info - INFO - Projection info TableInfo(name='projection_2', properties='', handle='9579972578590795314', num_rows=0, size_in_bytes=0, num_partitions=0, sorting_key_enabled=False, sorting_score=0, write_amplification=0, acummulative_row_insertion_count=0, sorting_done=False)
2025-11-07 20:51:21 - vastdbmanager.table_operations:160:_add_vast_projections - INFO - Created VAST projection 'projection_2' with 0 sorted, 2 unsorted columns
2025-11-07 20:51:21 - vastdb.table:679:create_projection - INFO - Created projection: projection_3
2025-11-07 20:51:21 - vastdb.table:773:_parse_projection_info - INFO - Projection info TableInfo(name='projection_3', properties='', handle='15703759455051982672', num_rows=0, size_in_bytes=0, num_partitions=0, sorting_key_enabled=False, sorting_score=0, write_amplification=0, acummulative_row_insertion_count=0, sorting_done=False)
2025-11-07 20:51:21 - vastdbmanager.table_operations:160:_add_vast_projections - INFO - Created VAST projection 'projection_3' with 0 sorted, 1 unsorted columns
2025-11-07 20:51:21 - vastdbmanager.table_operations:162:_add_vast_projections - INFO - Successfully added 3 projections to table
2025-11-07 20:51:21 - vastdbmanager.table_operations:56:create_table - INFO - Created table source_collections with projections: {'projection_1': ['id'], 'projection_2': ['id', 'source_id'], 'projection_3': ['source_id']}
2025-11-07 20:51:22 - vastdb.schema:98:create_table - INFO - Created table: webhooks
2025-11-07 20:51:22 - vastdb.table:679:create_projection - INFO - Created projection: projection_1
2025-11-07 20:51:22 - vastdb.table:773:_parse_projection_info - INFO - Projection info TableInfo(name='projection_1', properties='', handle='15409868761385222265', num_rows=0, size_in_bytes=0, num_partitions=0, sorting_key_enabled=False, sorting_score=0, write_amplification=0, acummulative_row_insertion_count=0, sorting_done=False)
2025-11-07 20:51:22 - vastdbmanager.table_operations:160:_add_vast_projections - INFO - Created VAST projection 'projection_1' with 0 sorted, 1 unsorted columns
2025-11-07 20:51:22 - vastdb.table:679:create_projection - INFO - Created projection: projection_2
2025-11-07 20:51:22 - vastdb.table:773:_parse_projection_info - INFO - Projection info TableInfo(name='projection_2', properties='', handle='62231508863432348', num_rows=0, size_in_bytes=0, num_partitions=0, sorting_key_enabled=False, sorting_score=0, write_amplification=0, acummulative_row_insertion_count=0, sorting_done=False)
2025-11-07 20:51:22 - vastdbmanager.table_operations:160:_add_vast_projections - INFO - Created VAST projection 'projection_2' with 0 sorted, 1 unsorted columns
2025-11-07 20:51:22 - vastdb.table:679:create_projection - INFO - Created projection: projection_3
2025-11-07 20:51:23 - vastdb.table:773:_parse_projection_info - INFO - Projection info TableInfo(name='projection_3', properties='', handle='5657272212345032229', num_rows=0, size_in_bytes=0, num_partitions=0, sorting_key_enabled=False, sorting_score=0, write_amplification=0, acummulative_row_insertion_count=0, sorting_done=False)
2025-11-07 20:51:23 - vastdbmanager.table_operations:160:_add_vast_projections - INFO - Created VAST projection 'projection_3' with 0 sorted, 1 unsorted columns
2025-11-07 20:51:23 - vastdb.table:679:create_projection - INFO - Created projection: projection_4
2025-11-07 20:51:23 - vastdb.table:773:_parse_projection_info - INFO - Projection info TableInfo(name='projection_4', properties='', handle='6810758225262880143', num_rows=0, size_in_bytes=0, num_partitions=0, sorting_key_enabled=False, sorting_score=0, write_amplification=0, acummulative_row_insertion_count=0, sorting_done=False)
2025-11-07 20:51:23 - vastdbmanager.table_operations:160:_add_vast_projections - INFO - Created VAST projection 'projection_4' with 0 sorted, 3 unsorted columns
2025-11-07 20:51:23 - vastdbmanager.table_operations:162:_add_vast_projections - INFO - Successfully added 4 projections to table
2025-11-07 20:51:23 - vastdbmanager.table_operations:56:create_table - INFO - Created table webhooks with projections: {'projection_1': ['id'], 'projection_2': ['url'], 'projection_3': ['enabled'], 'projection_4': ['id', 'url', 'enabled']}
2025-11-07 20:51:23 - vastdb.schema:98:create_table - INFO - Created table: deletion_requests
2025-11-07 20:51:24 - vastdb.table:679:create_projection - INFO - Created projection: projection_1
2025-11-07 20:51:24 - vastdb.table:773:_parse_projection_info - INFO - Projection info TableInfo(name='projection_1', properties='', handle='9750980852717597656', num_rows=0, size_in_bytes=0, num_partitions=0, sorting_key_enabled=False, sorting_score=0, write_amplification=0, acummulative_row_insertion_count=0, sorting_done=False)
2025-11-07 20:51:24 - vastdbmanager.table_operations:160:_add_vast_projections - INFO - Created VAST projection 'projection_1' with 0 sorted, 1 unsorted columns
2025-11-07 20:51:24 - vastdb.table:679:create_projection - INFO - Created projection: projection_2
2025-11-07 20:51:24 - vastdb.table:773:_parse_projection_info - INFO - Projection info TableInfo(name='projection_2', properties='', handle='4919984311010149896', num_rows=0, size_in_bytes=0, num_partitions=0, sorting_key_enabled=False, sorting_score=0, write_amplification=0, acummulative_row_insertion_count=0, sorting_done=False)
2025-11-07 20:51:24 - vastdbmanager.table_operations:160:_add_vast_projections - INFO - Created VAST projection 'projection_2' with 0 sorted, 2 unsorted columns
2025-11-07 20:51:24 - vastdb.table:679:create_projection - INFO - Created projection: projection_3
2025-11-07 20:51:24 - vastdb.table:773:_parse_projection_info - INFO - Projection info TableInfo(name='projection_3', properties='', handle='5389781273764311013', num_rows=0, size_in_bytes=0, num_partitions=0, sorting_key_enabled=False, sorting_score=0, write_amplification=0, acummulative_row_insertion_count=0, sorting_done=False)
2025-11-07 20:51:24 - vastdbmanager.table_operations:160:_add_vast_projections - INFO - Created VAST projection 'projection_3' with 0 sorted, 2 unsorted columns
2025-11-07 20:51:24 - vastdbmanager.table_operations:162:_add_vast_projections - INFO - Successfully added 3 projections to table
2025-11-07 20:51:24 - vastdbmanager.table_operations:56:create_table - INFO - Created table deletion_requests with projections: {'projection_1': ['id'], 'projection_2': ['id', 'status'], 'projection_3': ['status', 'created']}
2025-11-07 20:51:25 - vastdb.schema:98:create_table - INFO - Created table: tags
2025-11-07 20:51:25 - vastdb.table:679:create_projection - INFO - Created projection: projection_1
2025-11-07 20:51:25 - vastdb.table:773:_parse_projection_info - INFO - Projection info TableInfo(name='projection_1', properties='', handle='13725259728593558974', num_rows=0, size_in_bytes=0, num_partitions=0, sorting_key_enabled=False, sorting_score=0, write_amplification=0, acummulative_row_insertion_count=0, sorting_done=False)
2025-11-07 20:51:25 - vastdbmanager.table_operations:160:_add_vast_projections - INFO - Created VAST projection 'projection_1' with 0 sorted, 1 unsorted columns
2025-11-07 20:51:25 - vastdb.table:679:create_projection - INFO - Created projection: projection_2
2025-11-07 20:51:25 - vastdb.table:773:_parse_projection_info - INFO - Projection info TableInfo(name='projection_2', properties='', handle='6971106324610155575', num_rows=0, size_in_bytes=0, num_partitions=0, sorting_key_enabled=False, sorting_score=0, write_amplification=0, acummulative_row_insertion_count=0, sorting_done=False)
2025-11-07 20:51:25 - vastdbmanager.table_operations:160:_add_vast_projections - INFO - Created VAST projection 'projection_2' with 0 sorted, 2 unsorted columns
2025-11-07 20:51:25 - vastdb.table:679:create_projection - INFO - Created projection: projection_3
2025-11-07 20:51:25 - vastdb.table:773:_parse_projection_info - INFO - Projection info TableInfo(name='projection_3', properties='', handle='6014256425614674019', num_rows=0, size_in_bytes=0, num_partitions=0, sorting_key_enabled=False, sorting_score=0, write_amplification=0, acummulative_row_insertion_count=0, sorting_done=False)
2025-11-07 20:51:25 - vastdbmanager.table_operations:160:_add_vast_projections - INFO - Created VAST projection 'projection_3' with 0 sorted, 2 unsorted columns
2025-11-07 20:51:25 - vastdb.table:679:create_projection - INFO - Created projection: projection_4
2025-11-07 20:51:25 - vastdb.table:773:_parse_projection_info - INFO - Projection info TableInfo(name='projection_4', properties='', handle='10093569271966061963', num_rows=0, size_in_bytes=0, num_partitions=0, sorting_key_enabled=False, sorting_score=0, write_amplification=0, acummulative_row_insertion_count=0, sorting_done=False)
2025-11-07 20:51:25 - vastdbmanager.table_operations:160:_add_vast_projections - INFO - Created VAST projection 'projection_4' with 0 sorted, 2 unsorted columns
2025-11-07 20:51:26 - vastdb.table:679:create_projection - INFO - Created projection: projection_5
2025-11-07 20:51:26 - vastdb.table:773:_parse_projection_info - INFO - Projection info TableInfo(name='projection_5', properties='', handle='9889929882297119672', num_rows=0, size_in_bytes=0, num_partitions=0, sorting_key_enabled=False, sorting_score=0, write_amplification=0, acummulative_row_insertion_count=0, sorting_done=False)
2025-11-07 20:51:26 - vastdbmanager.table_operations:160:_add_vast_projections - INFO - Created VAST projection 'projection_5' with 0 sorted, 1 unsorted columns
2025-11-07 20:51:26 - vastdb.table:679:create_projection - INFO - Created projection: projection_6
2025-11-07 20:51:26 - vastdb.table:773:_parse_projection_info - INFO - Projection info TableInfo(name='projection_6', properties='', handle='12234963333347443901', num_rows=0, size_in_bytes=0, num_partitions=0, sorting_key_enabled=False, sorting_score=0, write_amplification=0, acummulative_row_insertion_count=0, sorting_done=False)
2025-11-07 20:51:26 - vastdbmanager.table_operations:160:_add_vast_projections - INFO - Created VAST projection 'projection_6' with 0 sorted, 1 unsorted columns
2025-11-07 20:51:26 - vastdb.table:679:create_projection - INFO - Created projection: projection_7
2025-11-07 20:51:26 - vastdb.table:773:_parse_projection_info - INFO - Projection info TableInfo(name='projection_7', properties='', handle='2924585906862156996', num_rows=0, size_in_bytes=0, num_partitions=0, sorting_key_enabled=False, sorting_score=0, write_amplification=0, acummulative_row_insertion_count=0, sorting_done=False)
2025-11-07 20:51:26 - vastdbmanager.table_operations:160:_add_vast_projections - INFO - Created VAST projection 'projection_7' with 0 sorted, 1 unsorted columns
2025-11-07 20:51:26 - vastdbmanager.table_operations:162:_add_vast_projections - INFO - Successfully added 7 projections to table
2025-11-07 20:51:26 - vastdbmanager.table_operations:56:create_table - INFO - Created table tags with projections: {'projection_1': ['id'], 'projection_2': ['entity_type', 'entity_id'], 'projection_3': ['entity_type', 'tag_name'], 'projection_4': ['entity_id', 'tag_name'], 'projection_5': ['created_at'], 'projection_6': ['updated_at'], 'projection_7': ['deleted_date']}
2025-11-07 20:51:26 - vasttams.common.storage.table_initializer:93:initialize_all_tables - INFO - ✅ All TAMS tables initialized successfully
2025-11-07 20:51:26 - vasttams.main:104:lifespan - INFO - ✅ All missing tables created successfully
2025-11-07 20:51:31 - vasts3.client:95:__init__ - INFO - S3Client initialized with endpoint: http://docker1:4001, bucket: jthaloor-s3
2025-11-07 20:51:31 - vasts3.client:116:__init__ - INFO - S3Client initialized with bucket: jthaloor-s3, prefix: tams8-dev
2025-11-07 20:51:33 - vasttams.main:199:lifespan - INFO - TAMS API startup complete
2025-11-07 20:51:49 - vasttams.core.telemetry:258:record_http_metrics - INFO - POST /sources - user=admin, duration=1.628s, status=201 [User: username=admin, user_id=d6e84dea-f9a3-439a-a35c-aa7faf4bc1c1, role=admin] [API: endpoint=/sources, method=POST]
2025-11-07 20:51:52 - vasttams.core.telemetry:258:record_http_metrics - INFO - POST /flows - user=admin, duration=2.566s, status=201 [User: username=admin, user_id=d6e84dea-f9a3-439a-a35c-aa7faf4bc1c1, role=admin] [API: endpoint=/flows, method=POST]
2025-11-07 20:51:53 - vasttams.core.telemetry:258:record_http_metrics - INFO - POST /flows/8708f79f-362c-488f-bf52-2dd1b888e409/storage - user=admin, duration=1.647s, status=201 [User: username=admin, user_id=d6e84dea-f9a3-439a-a35c-aa7faf4bc1c1, role=admin] [API: endpoint=/flows/8708f79f-362c-488f-bf52-2dd1b888e409/storage, method=POST]
2025-11-07 20:52:06 - vasttams.core.telemetry:258:record_http_metrics - INFO - POST /flows - user=admin, duration=1.933s, status=201 [User: username=admin, user_id=d6e84dea-f9a3-439a-a35c-aa7faf4bc1c1, role=admin] [API: endpoint=/flows, method=POST]
2025-11-07 20:52:07 - vasttams.core.telemetry:258:record_http_metrics - INFO - POST /flows/092a5ad3-8b08-4d29-8805-d76e005054b8/storage - user=admin, duration=1.063s, status=201 [User: username=admin, user_id=d6e84dea-f9a3-439a-a35c-aa7faf4bc1c1, role=admin] [API: endpoint=/flows/092a5ad3-8b08-4d29-8805-d76e005054b8/storage, method=POST]
2025-11-07 20:52:08 - vasts3.client:349:get_object_metadata - ERROR - Failed to get metadata for object tams/2025/11/08/b542c400-2675-46f8-b474-0c902fc6a768: An error occurred (404) when calling the HeadObject operation: Not Found
2025-11-07 20:52:08 - vasttams.core.telemetry:258:record_http_metrics - INFO - GET /objects/b542c400-2675-46f8-b474-0c902fc6a768 - user=admin, duration=1.147s, status=200 [User: username=admin, user_id=d6e84dea-f9a3-439a-a35c-aa7faf4bc1c1, role=admin] [API: endpoint=/objects/b542c400-2675-46f8-b474-0c902fc6a768, method=GET]
2025-11-07 20:52:11 - vasttams.core.telemetry:258:record_http_metrics - INFO - POST /flows/092a5ad3-8b08-4d29-8805-d76e005054b8/segments - user=admin, duration=3.684s, status=201 [User: username=admin, user_id=d6e84dea-f9a3-439a-a35c-aa7faf4bc1c1, role=admin] [API: endpoint=/flows/092a5ad3-8b08-4d29-8805-d76e005054b8/segments, method=POST]
2025-11-07 20:52:12 - vasts3.client:349:get_object_metadata - ERROR - Failed to get metadata for object tams/2025/11/08/b542c400-2675-46f8-b474-0c902fc6a768: An error occurred (404) when calling the HeadObject operation: Not Found
2025-11-07 20:53:19 - vasttams.core.telemetry:258:record_http_metrics - INFO - POST /sources - user=admin, duration=1.055s, status=201 [User: username=admin, user_id=d6e84dea-f9a3-439a-a35c-aa7faf4bc1c1, role=admin] [API: endpoint=/sources, method=POST]
2025-11-07 20:53:21 - vasttams.core.telemetry:258:record_http_metrics - INFO - POST /flows - user=admin, duration=1.877s, status=201 [User: username=admin, user_id=d6e84dea-f9a3-439a-a35c-aa7faf4bc1c1, role=admin] [API: endpoint=/flows, method=POST]
2025-11-07 20:53:22 - vasttams.core.telemetry:258:record_http_metrics - INFO - POST /flows/03add8ed-2b5f-40c9-b540-a25b65264640/storage - user=admin, duration=1.073s, status=201 [User: username=admin, user_id=d6e84dea-f9a3-439a-a35c-aa7faf4bc1c1, role=admin] [API: endpoint=/flows/03add8ed-2b5f-40c9-b540-a25b65264640/storage, method=POST]
2025-11-07 20:53:23 - vasts3.client:349:get_object_metadata - ERROR - Failed to get metadata for object tams/2025/11/08/a94b2f16-c28e-44a7-85da-f8cdad9dde5f: An error occurred (404) when calling the HeadObject operation: Not Found
2025-11-07 20:53:23 - vasttams.core.telemetry:258:record_http_metrics - INFO - GET /objects/a94b2f16-c28e-44a7-85da-f8cdad9dde5f - user=admin, duration=1.051s, status=200 [User: username=admin, user_id=d6e84dea-f9a3-439a-a35c-aa7faf4bc1c1, role=admin] [API: endpoint=/objects/a94b2f16-c28e-44a7-85da-f8cdad9dde5f, method=GET]
2025-11-07 20:53:26 - vasttams.core.telemetry:258:record_http_metrics - INFO - POST /flows/03add8ed-2b5f-40c9-b540-a25b65264640/segments - user=admin, duration=2.392s, status=201 [User: username=admin, user_id=d6e84dea-f9a3-439a-a35c-aa7faf4bc1c1, role=admin] [API: endpoint=/flows/03add8ed-2b5f-40c9-b540-a25b65264640/segments, method=POST]
2025-11-07 20:53:26 - vasts3.client:349:get_object_metadata - ERROR - Failed to get metadata for object tams/2025/11/08/a94b2f16-c28e-44a7-85da-f8cdad9dde5f: An error occurred (404) when calling the HeadObject operation: Not Found
2025-11-07 20:53:26 - vasttams.main:207:lifespan - INFO - Shutting down TAMS API...
2025-11-07 20:53:26 - vasttams.main:216:lifespan - INFO - TAMS API shutdown complete
2025-11-07 20:53:30 - app.core.logging:153:setup_logging - INFO - Unified logging initialized - Debug: False, Level: INFO
2025-11-07 20:53:30 - vastdbmanager.connection_manager:44:__init__ - INFO - Initialized ConnectionManager with 1 endpoints
2025-11-07 20:53:30 - vastdbmanager.trino.client:59:__init__ - INFO - Initialized Trino client: docker1:8080/vast.default
2025-11-07 20:53:30 - vastdbmanager.core:112:__init__ - INFO - Initialized Trino query system: docker1:8080/vast
2025-11-07 20:53:30 - vastdb.features:16:__init__ - INFO - VAST version: (5, 3, 3, 1)
2025-11-07 20:53:30 - vastdbmanager.connection_manager:78:_setup_schema - INFO - Schema 'tams8-dev' already exists
2025-11-07 20:53:30 - vastdbmanager.connection_manager:60:connect - INFO - Connected to VAST database at http://docker1:4001
2025-11-07 20:53:35 - vastdbmanager.core:153:_discover_tables - INFO - Discovered and cached 17 tables
2025-11-07 20:53:35 - vastdbmanager.core:124:__init__ - INFO - Initialized VastDBManager with 1 endpoints
2025-11-07 20:53:35 - vasttams.main:76:lifespan - INFO - Starting TAMS API...
2025-11-07 20:53:37 - vasts3.client:95:__init__ - INFO - S3Client initialized with endpoint: http://docker1:4001, bucket: jthaloor-s3
2025-11-07 20:53:37 - vasts3.client:116:__init__ - INFO - S3Client initialized with bucket: jthaloor-s3, prefix: tams8-dev
2025-11-07 20:53:37 - vasttams.main:199:lifespan - INFO - TAMS API startup complete
2025-11-07 20:54:08 - vasttams.core.telemetry:258:record_http_metrics - INFO - POST /sources - user=admin, duration=1.299s, status=201 [User: username=admin, user_id=d6e84dea-f9a3-439a-a35c-aa7faf4bc1c1, role=admin] [API: endpoint=/sources, method=POST]
2025-11-07 20:54:10 - vasttams.core.telemetry:258:record_http_metrics - INFO - POST /flows - user=admin, duration=1.858s, status=201 [User: username=admin, user_id=d6e84dea-f9a3-439a-a35c-aa7faf4bc1c1, role=admin] [API: endpoint=/flows, method=POST]
2025-11-07 20:54:11 - vasttams.core.telemetry:258:record_http_metrics - INFO - POST /flows/67d17ada-5c20-4f13-8f5f-fc8ab4c05ea4/storage - user=admin, duration=1.040s, status=201 [User: username=admin, user_id=d6e84dea-f9a3-439a-a35c-aa7faf4bc1c1, role=admin] [API: endpoint=/flows/67d17ada-5c20-4f13-8f5f-fc8ab4c05ea4/storage, method=POST]
2025-11-07 20:54:12 - vasts3.client:349:get_object_metadata - ERROR - Failed to get metadata for object tams/2025/11/08/8caedca2-615f-4057-85d0-0d6bef827046: An error occurred (404) when calling the HeadObject operation: Not Found
2025-11-07 20:54:12 - vasttams.core.telemetry:258:record_http_metrics - INFO - GET /objects/8caedca2-615f-4057-85d0-0d6bef827046 - user=admin, duration=1.144s, status=200 [User: username=admin, user_id=d6e84dea-f9a3-439a-a35c-aa7faf4bc1c1, role=admin] [API: endpoint=/objects/8caedca2-615f-4057-85d0-0d6bef827046, method=GET]
2025-11-07 20:54:14 - vasttams.core.telemetry:258:record_http_metrics - INFO - POST /flows/67d17ada-5c20-4f13-8f5f-fc8ab4c05ea4/segments - user=admin, duration=2.336s, status=201 [User: username=admin, user_id=d6e84dea-f9a3-439a-a35c-aa7faf4bc1c1, role=admin] [API: endpoint=/flows/67d17ada-5c20-4f13-8f5f-fc8ab4c05ea4/segments, method=POST]
2025-11-07 20:54:15 - vasts3.client:349:get_object_metadata - ERROR - Failed to get metadata for object tams/2025/11/08/8caedca2-615f-4057-85d0-0d6bef827046: An error occurred (404) when calling the HeadObject operation: Not Found
2025-11-07 20:54:16 - vasts3.client:349:get_object_metadata - ERROR - Failed to get metadata for object tams/2025/11/08/8caedca2-615f-4057-85d0-0d6bef827046: An error occurred (404) when calling the HeadObject operation: Not Found
2025-11-07 20:54:16 - vasttams.core.telemetry:258:record_http_metrics - INFO - GET /objects/8caedca2-615f-4057-85d0-0d6bef827046 - user=admin, duration=1.169s, status=200 [User: username=admin, user_id=d6e84dea-f9a3-439a-a35c-aa7faf4bc1c1, role=admin] [API: endpoint=/objects/8caedca2-615f-4057-85d0-0d6bef827046, method=GET]
2025-11-07 20:54:17 - vasts3.client:349:get_object_metadata - ERROR - Failed to get metadata for object tams/2025/11/08/8caedca2-615f-4057-85d0-0d6bef827046: An error occurred (404) when calling the HeadObject operation: Not Found
2025-11-07 20:54:17 - vasttams.core.telemetry:258:record_http_metrics - INFO - GET /objects/8caedca2-615f-4057-85d0-0d6bef827046 - user=admin, duration=1.429s, status=200 [User: username=admin, user_id=d6e84dea-f9a3-439a-a35c-aa7faf4bc1c1, role=admin] [API: endpoint=/objects/8caedca2-615f-4057-85d0-0d6bef827046, method=GET]
2025-11-07 20:54:18 - vasts3.client:349:get_object_metadata - ERROR - Failed to get metadata for object tams/2025/11/08/8caedca2-615f-4057-85d0-0d6bef827046: An error occurred (404) when calling the HeadObject operation: Not Found
2025-11-07 20:54:20 - vasts3.client:349:get_object_metadata - ERROR - Failed to get metadata for object tams/2025/11/08/8caedca2-615f-4057-85d0-0d6bef827046: An error occurred (404) when calling the HeadObject operation: Not Found
2025-11-07 20:54:20 - vasttams.objects.router:101:delete_object_by_id - WARNING - Dependency violation deleting object 8caedca2-615f-4057-85d0-0d6bef827046: Cannot delete object 8caedca2-615f-4057-85d0-0d6bef827046: 1 flow references exist. Objects are immutable per TAMS spec.
2025-11-07 20:54:20 - vasttams.main:293:http_exception_handler - WARNING - HTTP Exception: 409 - Cannot delete object 8caedca2-615f-4057-85d0-0d6bef827046: 1 flow references exist. Objects are immutable per TAMS spec.
2025-11-07 20:54:20 - vasttams.core.telemetry:258:record_http_metrics - INFO - DELETE /objects/8caedca2-615f-4057-85d0-0d6bef827046 - user=admin, duration=2.356s, status=409 [User: username=admin, user_id=d6e84dea-f9a3-439a-a35c-aa7faf4bc1c1, role=admin] [API: endpoint=/objects/8caedca2-615f-4057-85d0-0d6bef827046, method=DELETE]
2025-11-07 20:54:23 - vasts3.client:349:get_object_metadata - ERROR - Failed to get metadata for object tams/2025/11/08/1d182cea-f7c1-4c1a-9412-0e97fa84de13: An error occurred (404) when calling the HeadObject operation: Not Found
2025-11-07 20:54:25 - vasts3.client:349:get_object_metadata - ERROR - Failed to get metadata for object tams/2025/11/08/1d182cea-f7c1-4c1a-9412-0e97fa84de13: An error occurred (404) when calling the HeadObject operation: Not Found
2025-11-07 20:54:27 - vasts3.client:349:get_object_metadata - ERROR - Failed to get metadata for object tams/2025/11/08/8caedca2-615f-4057-85d0-0d6bef827046: An error occurred (404) when calling the HeadObject operation: Not Found
2025-11-07 20:54:29 - vasts3.client:349:get_object_metadata - ERROR - Failed to get metadata for object tams/2025/11/08/8caedca2-615f-4057-85d0-0d6bef827046: An error occurred (404) when calling the HeadObject operation: Not Found
2025-11-07 20:54:30 - vasttams.core.telemetry:258:record_http_metrics - INFO - DELETE /flows/67d17ada-5c20-4f13-8f5f-fc8ab4c05ea4/segments - user=admin, duration=10.721s, status=200 [User: username=admin, user_id=d6e84dea-f9a3-439a-a35c-aa7faf4bc1c1, role=admin] [API: endpoint=/flows/67d17ada-5c20-4f13-8f5f-fc8ab4c05ea4/segments, method=DELETE]
2025-11-07 20:54:32 - vasttams.main:293:http_exception_handler - WARNING - HTTP Exception: 404 - Object not found
2025-11-07 20:54:32 - vasttams.core.telemetry:258:record_http_metrics - INFO - DELETE /objects/8caedca2-615f-4057-85d0-0d6bef827046 - user=admin, duration=1.325s, status=404 [User: username=admin, user_id=d6e84dea-f9a3-439a-a35c-aa7faf4bc1c1, role=admin] [API: endpoint=/objects/8caedca2-615f-4057-85d0-0d6bef827046, method=DELETE]
2025-11-07 20:54:34 - vasttams.core.telemetry:258:record_http_metrics - INFO - DELETE /flows/67d17ada-5c20-4f13-8f5f-fc8ab4c05ea4 - user=admin, duration=2.037s, status=200 [User: username=admin, user_id=d6e84dea-f9a3-439a-a35c-aa7faf4bc1c1, role=admin] [API: endpoint=/flows/67d17ada-5c20-4f13-8f5f-fc8ab4c05ea4, method=DELETE]
2025-11-07 20:54:35 - vasttams.core.telemetry:258:record_http_metrics - INFO - DELETE /sources/e50f5bf5-1354-4920-a8b6-9fc4f6b785d6 - user=admin, duration=1.548s, status=200 [User: username=admin, user_id=d6e84dea-f9a3-439a-a35c-aa7faf4bc1c1, role=admin] [API: endpoint=/sources/e50f5bf5-1354-4920-a8b6-9fc4f6b785d6, method=DELETE]
2025-11-07 20:57:19 - vasttams.core.telemetry:258:record_http_metrics - INFO - POST /sources - user=admin, duration=1.067s, status=201 [User: username=admin, user_id=d6e84dea-f9a3-439a-a35c-aa7faf4bc1c1, role=admin] [API: endpoint=/sources, method=POST]
2025-11-07 20:57:21 - vasttams.core.telemetry:258:record_http_metrics - INFO - POST /flows - user=admin, duration=1.821s, status=201 [User: username=admin, user_id=d6e84dea-f9a3-439a-a35c-aa7faf4bc1c1, role=admin] [API: endpoint=/flows, method=POST]
2025-11-07 20:57:22 - vasttams.core.telemetry:258:record_http_metrics - INFO - POST /flows/8e95ad7e-2974-464f-b40d-e3b898a08aba/storage - user=admin, duration=1.032s, status=201 [User: username=admin, user_id=d6e84dea-f9a3-439a-a35c-aa7faf4bc1c1, role=admin] [API: endpoint=/flows/8e95ad7e-2974-464f-b40d-e3b898a08aba/storage, method=POST]
2025-11-07 20:57:23 - vasts3.client:349:get_object_metadata - ERROR - Failed to get metadata for object tams/2025/11/08/aab1d4d2-f026-4b86-84e0-4692b1d76491: An error occurred (404) when calling the HeadObject operation: Not Found
2025-11-07 20:57:23 - vasttams.core.telemetry:258:record_http_metrics - INFO - GET /objects/aab1d4d2-f026-4b86-84e0-4692b1d76491 - user=admin, duration=1.355s, status=200 [User: username=admin, user_id=d6e84dea-f9a3-439a-a35c-aa7faf4bc1c1, role=admin] [API: endpoint=/objects/aab1d4d2-f026-4b86-84e0-4692b1d76491, method=GET]
2025-11-07 20:57:26 - vasttams.core.telemetry:258:record_http_metrics - INFO - POST /flows/8e95ad7e-2974-464f-b40d-e3b898a08aba/segments - user=admin, duration=2.501s, status=201 [User: username=admin, user_id=d6e84dea-f9a3-439a-a35c-aa7faf4bc1c1, role=admin] [API: endpoint=/flows/8e95ad7e-2974-464f-b40d-e3b898a08aba/segments, method=POST]
2025-11-07 20:57:26 - vasts3.client:349:get_object_metadata - ERROR - Failed to get metadata for object tams/2025/11/08/aab1d4d2-f026-4b86-84e0-4692b1d76491: An error occurred (404) when calling the HeadObject operation: Not Found
2025-11-07 20:57:27 - vasts3.client:349:get_object_metadata - ERROR - Failed to get metadata for object tams/2025/11/08/aab1d4d2-f026-4b86-84e0-4692b1d76491: An error occurred (404) when calling the HeadObject operation: Not Found
2025-11-07 20:57:27 - vasttams.core.telemetry:258:record_http_metrics - INFO - GET /objects/aab1d4d2-f026-4b86-84e0-4692b1d76491 - user=admin, duration=1.003s, status=200 [User: username=admin, user_id=d6e84dea-f9a3-439a-a35c-aa7faf4bc1c1, role=admin] [API: endpoint=/objects/aab1d4d2-f026-4b86-84e0-4692b1d76491, method=GET]
2025-11-07 20:57:29 - vasts3.client:349:get_object_metadata - ERROR - Failed to get metadata for object tams/2025/11/08/aab1d4d2-f026-4b86-84e0-4692b1d76491: An error occurred (404) when calling the HeadObject operation: Not Found
2025-11-07 20:57:29 - vasttams.core.telemetry:258:record_http_metrics - INFO - GET /objects/aab1d4d2-f026-4b86-84e0-4692b1d76491 - user=admin, duration=1.519s, status=200 [User: username=admin, user_id=d6e84dea-f9a3-439a-a35c-aa7faf4bc1c1, role=admin] [API: endpoint=/objects/aab1d4d2-f026-4b86-84e0-4692b1d76491, method=GET]
2025-11-07 20:58:44 - vasttams.core.telemetry:258:record_http_metrics - INFO - POST /sources - user=admin, duration=1.080s, status=201 [User: username=admin, user_id=d6e84dea-f9a3-439a-a35c-aa7faf4bc1c1, role=admin] [API: endpoint=/sources, method=POST]
2025-11-07 20:58:46 - vasttams.core.telemetry:258:record_http_metrics - INFO - POST /flows - user=admin, duration=1.825s, status=201 [User: username=admin, user_id=d6e84dea-f9a3-439a-a35c-aa7faf4bc1c1, role=admin] [API: endpoint=/flows, method=POST]
2025-11-07 20:58:49 - vasttams.core.telemetry:258:record_http_metrics - INFO - GET /objects/452e2211-4245-44ab-9762-060fe5e19f87 - user=admin, duration=1.815s, status=200 [User: username=admin, user_id=d6e84dea-f9a3-439a-a35c-aa7faf4bc1c1, role=admin] [API: endpoint=/objects/452e2211-4245-44ab-9762-060fe5e19f87, method=GET]
2025-11-07 20:58:52 - vasttams.core.telemetry:258:record_http_metrics - INFO - POST /flows/c5213976-aed0-43af-8fcc-1458e9c78c97/segments - user=admin, duration=2.480s, status=201 [User: username=admin, user_id=d6e84dea-f9a3-439a-a35c-aa7faf4bc1c1, role=admin] [API: endpoint=/flows/c5213976-aed0-43af-8fcc-1458e9c78c97/segments, method=POST]
2025-11-07 20:58:55 - vasttams.objects.router:101:delete_object_by_id - WARNING - Dependency violation deleting object 452e2211-4245-44ab-9762-060fe5e19f87: Cannot delete object 452e2211-4245-44ab-9762-060fe5e19f87: 1 flow references exist. Objects are immutable per TAMS spec.
2025-11-07 20:58:55 - vasttams.main:293:http_exception_handler - WARNING - HTTP Exception: 409 - Cannot delete object 452e2211-4245-44ab-9762-060fe5e19f87: 1 flow references exist. Objects are immutable per TAMS spec.
2025-11-07 20:58:55 - vasttams.core.telemetry:258:record_http_metrics - INFO - DELETE /objects/452e2211-4245-44ab-9762-060fe5e19f87 - user=admin, duration=2.243s, status=409 [User: username=admin, user_id=d6e84dea-f9a3-439a-a35c-aa7faf4bc1c1, role=admin] [API: endpoint=/objects/452e2211-4245-44ab-9762-060fe5e19f87, method=DELETE]
2025-11-07 20:59:02 - vasttams.core.telemetry:258:record_http_metrics - INFO - DELETE /flows/c5213976-aed0-43af-8fcc-1458e9c78c97/segments - user=admin, duration=6.434s, status=200 [User: username=admin, user_id=d6e84dea-f9a3-439a-a35c-aa7faf4bc1c1, role=admin] [API: endpoint=/flows/c5213976-aed0-43af-8fcc-1458e9c78c97/segments, method=DELETE]
2025-11-07 21:00:29 - vasttams.core.telemetry:258:record_http_metrics - INFO - POST /sources - user=admin, duration=1.071s, status=201 [User: username=admin, user_id=d6e84dea-f9a3-439a-a35c-aa7faf4bc1c1, role=admin] [API: endpoint=/sources, method=POST]
2025-11-07 21:00:31 - vasttams.core.telemetry:258:record_http_metrics - INFO - POST /flows - user=admin, duration=1.926s, status=201 [User: username=admin, user_id=d6e84dea-f9a3-439a-a35c-aa7faf4bc1c1, role=admin] [API: endpoint=/flows, method=POST]
2025-11-07 21:00:32 - vasts3.client:95:__init__ - INFO - S3Client initialized with endpoint: http://docker1:4001, bucket: jthaloor-s3
2025-11-07 21:00:32 - vasts3.client:116:__init__ - INFO - S3Client initialized with bucket: jthaloor-s3, prefix: tams8-dev
2025-11-07 21:00:33 - vasttams.core.telemetry:258:record_http_metrics - INFO - POST /flows/f167bc3c-791c-4417-b375-55b4690006f3/storage - user=admin, duration=1.700s, status=201 [User: username=admin, user_id=d6e84dea-f9a3-439a-a35c-aa7faf4bc1c1, role=admin] [API: endpoint=/flows/f167bc3c-791c-4417-b375-55b4690006f3/storage, method=POST]
2025-11-07 21:00:35 - vasts3.client:349:get_object_metadata - ERROR - Failed to get metadata for object tams8-dev/tams/2025/11/08/4183a26f-dbca-423f-90ae-7a98b22cfab7: An error occurred (404) when calling the HeadObject operation: Not Found
2025-11-07 21:00:35 - vasttams.core.telemetry:258:record_http_metrics - INFO - GET /objects/4183a26f-dbca-423f-90ae-7a98b22cfab7 - user=admin, duration=1.350s, status=200 [User: username=admin, user_id=d6e84dea-f9a3-439a-a35c-aa7faf4bc1c1, role=admin] [API: endpoint=/objects/4183a26f-dbca-423f-90ae-7a98b22cfab7, method=GET]
2025-11-07 21:00:37 - vasttams.core.telemetry:258:record_http_metrics - INFO - POST /flows/f167bc3c-791c-4417-b375-55b4690006f3/segments - user=admin, duration=2.566s, status=201 [User: username=admin, user_id=d6e84dea-f9a3-439a-a35c-aa7faf4bc1c1, role=admin] [API: endpoint=/flows/f167bc3c-791c-4417-b375-55b4690006f3/segments, method=POST]
2025-11-07 21:00:38 - vasts3.client:95:__init__ - INFO - S3Client initialized with endpoint: http://docker1:4001, bucket: jthaloor-s3
2025-11-07 21:00:38 - vasts3.client:116:__init__ - INFO - S3Client initialized with bucket: jthaloor-s3, prefix: tams8-dev
2025-11-07 21:00:40 - vasttams.core.telemetry:258:record_http_metrics - INFO - GET /objects/4183a26f-dbca-423f-90ae-7a98b22cfab7 - user=admin, duration=1.231s, status=200 [User: username=admin, user_id=d6e84dea-f9a3-439a-a35c-aa7faf4bc1c1, role=admin] [API: endpoint=/objects/4183a26f-dbca-423f-90ae-7a98b22cfab7, method=GET]
2025-11-07 21:00:43 - vasttams.objects.router:101:delete_object_by_id - WARNING - Dependency violation deleting object 4183a26f-dbca-423f-90ae-7a98b22cfab7: Cannot delete object 4183a26f-dbca-423f-90ae-7a98b22cfab7: 1 flow references exist. Objects are immutable per TAMS spec.
2025-11-07 21:00:43 - vasttams.main:293:http_exception_handler - WARNING - HTTP Exception: 409 - Cannot delete object 4183a26f-dbca-423f-90ae-7a98b22cfab7: 1 flow references exist. Objects are immutable per TAMS spec.
2025-11-07 21:00:43 - vasttams.core.telemetry:258:record_http_metrics - INFO - DELETE /objects/4183a26f-dbca-423f-90ae-7a98b22cfab7 - user=admin, duration=2.805s, status=409 [User: username=admin, user_id=d6e84dea-f9a3-439a-a35c-aa7faf4bc1c1, role=admin] [API: endpoint=/objects/4183a26f-dbca-423f-90ae-7a98b22cfab7, method=DELETE]
2025-11-07 21:00:50 - vasts3.client:95:__init__ - INFO - S3Client initialized with endpoint: http://docker1:4001, bucket: jthaloor-s3
2025-11-07 21:00:50 - vasts3.client:116:__init__ - INFO - S3Client initialized with bucket: jthaloor-s3, prefix: tams8-dev
2025-11-07 21:00:50 - vasttams.core.telemetry:258:record_http_metrics - INFO - DELETE /flows/f167bc3c-791c-4417-b375-55b4690006f3/segments - user=admin, duration=7.353s, status=200 [User: username=admin, user_id=d6e84dea-f9a3-439a-a35c-aa7faf4bc1c1, role=admin] [API: endpoint=/flows/f167bc3c-791c-4417-b375-55b4690006f3/segments, method=DELETE]
2025-11-07 21:00:51 - vasttams.main:293:http_exception_handler - WARNING - HTTP Exception: 404 - Object not found
2025-11-07 21:00:51 - vasttams.core.telemetry:258:record_http_metrics - INFO - GET /objects/4183a26f-dbca-423f-90ae-7a98b22cfab7 - user=admin, duration=1.338s, status=404 [User: username=admin, user_id=d6e84dea-f9a3-439a-a35c-aa7faf4bc1c1, role=admin] [API: endpoint=/objects/4183a26f-dbca-423f-90ae-7a98b22cfab7, method=GET]
2025-11-07 21:01:20 - vasttams.core.telemetry:258:record_http_metrics - INFO - POST /flows - user=admin, duration=1.727s, status=201 [User: username=admin, user_id=d6e84dea-f9a3-439a-a35c-aa7faf4bc1c1, role=admin] [API: endpoint=/flows, method=POST]
2025-11-07 21:05:31 - vasttams.core.telemetry:258:record_http_metrics - INFO - POST /sources - user=admin, duration=1.152s, status=201 [User: username=admin, user_id=d6e84dea-f9a3-439a-a35c-aa7faf4bc1c1, role=admin] [API: endpoint=/sources, method=POST]
2025-11-07 21:05:33 - vasttams.core.telemetry:258:record_http_metrics - INFO - POST /flows - user=admin, duration=1.886s, status=201 [User: username=admin, user_id=d6e84dea-f9a3-439a-a35c-aa7faf4bc1c1, role=admin] [API: endpoint=/flows, method=POST]
2025-11-07 21:05:34 - vasts3.client:95:__init__ - INFO - S3Client initialized with endpoint: http://docker1:4001, bucket: jthaloor-s3
2025-11-07 21:05:34 - vasts3.client:116:__init__ - INFO - S3Client initialized with bucket: jthaloor-s3, prefix: tams8-dev
2025-11-07 21:05:35 - vasttams.core.telemetry:258:record_http_metrics - INFO - POST /flows/5f50f385-618d-4fa0-9eb0-6a69494f7497/storage - user=admin, duration=1.816s, status=201 [User: username=admin, user_id=d6e84dea-f9a3-439a-a35c-aa7faf4bc1c1, role=admin] [API: endpoint=/flows/5f50f385-618d-4fa0-9eb0-6a69494f7497/storage, method=POST]
2025-11-07 21:05:36 - vasts3.client:349:get_object_metadata - ERROR - Failed to get metadata for object tams8-dev/tams/2025/11/08/d9567d54-a32c-4a51-a087-a20e10d4a2c8: An error occurred (404) when calling the HeadObject operation: Not Found
2025-11-07 21:05:36 - vasttams.core.telemetry:258:record_http_metrics - INFO - GET /objects/d9567d54-a32c-4a51-a087-a20e10d4a2c8 - user=admin, duration=1.242s, status=200 [User: username=admin, user_id=d6e84dea-f9a3-439a-a35c-aa7faf4bc1c1, role=admin] [API: endpoint=/objects/d9567d54-a32c-4a51-a087-a20e10d4a2c8, method=GET]
2025-11-07 21:05:39 - vasttams.core.telemetry:258:record_http_metrics - INFO - POST /flows/5f50f385-618d-4fa0-9eb0-6a69494f7497/segments - user=admin, duration=2.399s, status=201 [User: username=admin, user_id=d6e84dea-f9a3-439a-a35c-aa7faf4bc1c1, role=admin] [API: endpoint=/flows/5f50f385-618d-4fa0-9eb0-6a69494f7497/segments, method=POST]
2025-11-07 21:05:40 - vasts3.client:95:__init__ - INFO - S3Client initialized with endpoint: http://docker1:4001, bucket: jthaloor-s3
2025-11-07 21:05:40 - vasts3.client:116:__init__ - INFO - S3Client initialized with bucket: jthaloor-s3, prefix: tams8-dev
2025-11-07 21:05:44 - vasttams.objects.router:101:delete_object_by_id - WARNING - Dependency violation deleting object d9567d54-a32c-4a51-a087-a20e10d4a2c8: Cannot delete object d9567d54-a32c-4a51-a087-a20e10d4a2c8: 1 flow references exist. Objects are immutable per TAMS spec.
2025-11-07 21:05:44 - vasttams.main:293:http_exception_handler - WARNING - HTTP Exception: 409 - Cannot delete object d9567d54-a32c-4a51-a087-a20e10d4a2c8: 1 flow references exist. Objects are immutable per TAMS spec.
2025-11-07 21:05:44 - vasttams.core.telemetry:258:record_http_metrics - INFO - DELETE /objects/d9567d54-a32c-4a51-a087-a20e10d4a2c8 - user=admin, duration=2.627s, status=409 [User: username=admin, user_id=d6e84dea-f9a3-439a-a35c-aa7faf4bc1c1, role=admin] [API: endpoint=/objects/d9567d54-a32c-4a51-a087-a20e10d4a2c8, method=DELETE]
2025-11-07 21:05:50 - vasts3.client:95:__init__ - INFO - S3Client initialized with endpoint: http://docker1:4001, bucket: jthaloor-s3
2025-11-07 21:05:50 - vasts3.client:116:__init__ - INFO - S3Client initialized with bucket: jthaloor-s3, prefix: tams8-dev
2025-11-07 21:05:51 - vasttams.core.telemetry:258:record_http_metrics - INFO - DELETE /flows/5f50f385-618d-4fa0-9eb0-6a69494f7497/segments - user=admin, duration=6.912s, status=200 [User: username=admin, user_id=d6e84dea-f9a3-439a-a35c-aa7faf4bc1c1, role=admin] [API: endpoint=/flows/5f50f385-618d-4fa0-9eb0-6a69494f7497/segments, method=DELETE]
2025-11-07 21:05:52 - vasttams.main:293:http_exception_handler - WARNING - HTTP Exception: 404 - Object not found
2025-11-07 21:05:52 - vasttams.core.telemetry:258:record_http_metrics - INFO - GET /objects/d9567d54-a32c-4a51-a087-a20e10d4a2c8 - user=admin, duration=0.953s, status=404 [User: username=admin, user_id=d6e84dea-f9a3-439a-a35c-aa7faf4bc1c1, role=admin] [API: endpoint=/objects/d9567d54-a32c-4a51-a087-a20e10d4a2c8, method=GET]
2025-11-07 21:07:18 - vasttams.core.telemetry:258:record_http_metrics - INFO - POST /sources - user=admin, duration=1.070s, status=201 [User: username=admin, user_id=d6e84dea-f9a3-439a-a35c-aa7faf4bc1c1, role=admin] [API: endpoint=/sources, method=POST]
2025-11-07 21:07:20 - vasttams.core.telemetry:258:record_http_metrics - INFO - POST /flows - user=admin, duration=1.957s, status=201 [User: username=admin, user_id=d6e84dea-f9a3-439a-a35c-aa7faf4bc1c1, role=admin] [API: endpoint=/flows, method=POST]
2025-11-07 21:07:22 - vasts3.client:95:__init__ - INFO - S3Client initialized with endpoint: http://docker1:4001, bucket: jthaloor-s3
2025-11-07 21:07:22 - vasts3.client:116:__init__ - INFO - S3Client initialized with bucket: jthaloor-s3, prefix: tams8-dev
2025-11-07 21:07:22 - vasttams.core.telemetry:258:record_http_metrics - INFO - POST /flows/ccc0f114-9338-4674-b85c-c9f9ca69f4a7/storage - user=admin, duration=1.831s, status=201 [User: username=admin, user_id=d6e84dea-f9a3-439a-a35c-aa7faf4bc1c1, role=admin] [API: endpoint=/flows/ccc0f114-9338-4674-b85c-c9f9ca69f4a7/storage, method=POST]
2025-11-07 21:07:24 - vasts3.client:349:get_object_metadata - ERROR - Failed to get metadata for object tams8-dev/tams/2025/11/08/cc58b79a-90be-4048-b7b6-ba6b7a7541cf: An error occurred (404) when calling the HeadObject operation: Not Found
2025-11-07 21:07:24 - vasttams.core.telemetry:258:record_http_metrics - INFO - GET /objects/cc58b79a-90be-4048-b7b6-ba6b7a7541cf - user=admin, duration=1.258s, status=200 [User: username=admin, user_id=d6e84dea-f9a3-439a-a35c-aa7faf4bc1c1, role=admin] [API: endpoint=/objects/cc58b79a-90be-4048-b7b6-ba6b7a7541cf, method=GET]
2025-11-07 21:07:26 - vasttams.core.telemetry:258:record_http_metrics - INFO - POST /flows/ccc0f114-9338-4674-b85c-c9f9ca69f4a7/segments - user=admin, duration=2.443s, status=201 [User: username=admin, user_id=d6e84dea-f9a3-439a-a35c-aa7faf4bc1c1, role=admin] [API: endpoint=/flows/ccc0f114-9338-4674-b85c-c9f9ca69f4a7/segments, method=POST]
2025-11-07 21:07:27 - vasts3.client:95:__init__ - INFO - S3Client initialized with endpoint: http://docker1:4001, bucket: jthaloor-s3
2025-11-07 21:07:27 - vasts3.client:116:__init__ - INFO - S3Client initialized with bucket: jthaloor-s3, prefix: tams8-dev
2025-11-07 21:07:31 - vasttams.objects.router:101:delete_object_by_id - WARNING - Dependency violation deleting object cc58b79a-90be-4048-b7b6-ba6b7a7541cf: Cannot delete object cc58b79a-90be-4048-b7b6-ba6b7a7541cf: 1 flow references exist. Objects are immutable per TAMS spec.
2025-11-07 21:07:31 - vasttams.main:293:http_exception_handler - WARNING - HTTP Exception: 409 - Cannot delete object cc58b79a-90be-4048-b7b6-ba6b7a7541cf: 1 flow references exist. Objects are immutable per TAMS spec.
2025-11-07 21:07:31 - vasttams.core.telemetry:258:record_http_metrics - INFO - DELETE /objects/cc58b79a-90be-4048-b7b6-ba6b7a7541cf - user=admin, duration=2.113s, status=409 [User: username=admin, user_id=d6e84dea-f9a3-439a-a35c-aa7faf4bc1c1, role=admin] [API: endpoint=/objects/cc58b79a-90be-4048-b7b6-ba6b7a7541cf, method=DELETE]
2025-11-07 21:07:38 - vasts3.client:95:__init__ - INFO - S3Client initialized with endpoint: http://docker1:4001, bucket: jthaloor-s3
2025-11-07 21:07:38 - vasts3.client:116:__init__ - INFO - S3Client initialized with bucket: jthaloor-s3, prefix: tams8-dev
2025-11-07 21:07:39 - vasttams.core.telemetry:258:record_http_metrics - INFO - DELETE /flows/ccc0f114-9338-4674-b85c-c9f9ca69f4a7/segments - user=admin, duration=7.850s, status=200 [User: username=admin, user_id=d6e84dea-f9a3-439a-a35c-aa7faf4bc1c1, role=admin] [API: endpoint=/flows/ccc0f114-9338-4674-b85c-c9f9ca69f4a7/segments, method=DELETE]
2025-11-07 21:07:40 - vasttams.main:293:http_exception_handler - WARNING - HTTP Exception: 404 - Object not found
2025-11-07 21:07:40 - vasttams.core.telemetry:258:record_http_metrics - INFO - GET /objects/cc58b79a-90be-4048-b7b6-ba6b7a7541cf - user=admin, duration=1.010s, status=404 [User: username=admin, user_id=d6e84dea-f9a3-439a-a35c-aa7faf4bc1c1, role=admin] [API: endpoint=/objects/cc58b79a-90be-4048-b7b6-ba6b7a7541cf, method=GET]
2025-11-07 21:07:41 - vasttams.main:293:http_exception_handler - WARNING - HTTP Exception: 404 - Object not found
2025-11-07 21:07:41 - vasttams.core.telemetry:258:record_http_metrics - INFO - DELETE /objects/cc58b79a-90be-4048-b7b6-ba6b7a7541cf - user=admin, duration=1.056s, status=404 [User: username=admin, user_id=d6e84dea-f9a3-439a-a35c-aa7faf4bc1c1, role=admin] [API: endpoint=/objects/cc58b79a-90be-4048-b7b6-ba6b7a7541cf, method=DELETE]
2025-11-07 21:07:43 - vasttams.core.telemetry:258:record_http_metrics - INFO - DELETE /flows/ccc0f114-9338-4674-b85c-c9f9ca69f4a7 - user=admin, duration=2.205s, status=200 [User: username=admin, user_id=d6e84dea-f9a3-439a-a35c-aa7faf4bc1c1, role=admin] [API: endpoint=/flows/ccc0f114-9338-4674-b85c-c9f9ca69f4a7, method=DELETE]
2025-11-07 21:07:45 - vasttams.core.telemetry:258:record_http_metrics - INFO - DELETE /sources/7fb80829-919d-4606-af8b-f0f0bfbe79b2 - user=admin, duration=1.599s, status=200 [User: username=admin, user_id=d6e84dea-f9a3-439a-a35c-aa7faf4bc1c1, role=admin] [API: endpoint=/sources/7fb80829-919d-4606-af8b-f0f0bfbe79b2, method=DELETE]
2025-11-07 21:07:56 - vasttams.core.telemetry:258:record_http_metrics - INFO - POST /flows - user=admin, duration=1.810s, status=201 [User: username=admin, user_id=d6e84dea-f9a3-439a-a35c-aa7faf4bc1c1, role=admin] [API: endpoint=/flows, method=POST]
2025-11-07 21:07:58 - vasts3.client:95:__init__ - INFO - S3Client initialized with endpoint: http://docker1:4001, bucket: jthaloor-s3
2025-11-07 21:07:58 - vasts3.client:116:__init__ - INFO - S3Client initialized with bucket: jthaloor-s3, prefix: tams8-dev
2025-11-07 21:07:58 - vasttams.core.telemetry:258:record_http_metrics - INFO - POST /flows/1ec148bd-8f66-4434-a0b3-3252d5061f15/storage - user=admin, duration=1.987s, status=201 [User: username=admin, user_id=d6e84dea-f9a3-439a-a35c-aa7faf4bc1c1, role=admin] [API: endpoint=/flows/1ec148bd-8f66-4434-a0b3-3252d5061f15/storage, method=POST]
2025-11-07 21:08:00 - vasts3.client:349:get_object_metadata - ERROR - Failed to get metadata for object tams8-dev/tams/2025/11/08/3e75d1bf-8ffc-498c-bbe4-7a497ef52032: An error occurred (404) when calling the HeadObject operation: Not Found
2025-11-07 21:08:02 - vasttams.core.telemetry:258:record_http_metrics - INFO - POST /flows/1ec148bd-8f66-4434-a0b3-3252d5061f15/segments - user=admin, duration=2.376s, status=201 [User: username=admin, user_id=d6e84dea-f9a3-439a-a35c-aa7faf4bc1c1, role=admin] [API: endpoint=/flows/1ec148bd-8f66-4434-a0b3-3252d5061f15/segments, method=POST]
2025-11-07 21:08:03 - vasts3.client:95:__init__ - INFO - S3Client initialized with endpoint: http://docker1:4001, bucket: jthaloor-s3
2025-11-07 21:08:03 - vasts3.client:116:__init__ - INFO - S3Client initialized with bucket: jthaloor-s3, prefix: tams8-dev
2025-11-07 21:08:05 - vasttams.core.telemetry:258:record_http_metrics - INFO - GET /objects/3e75d1bf-8ffc-498c-bbe4-7a497ef52032 - user=admin, duration=1.020s, status=200 [User: username=admin, user_id=d6e84dea-f9a3-439a-a35c-aa7faf4bc1c1, role=admin] [API: endpoint=/objects/3e75d1bf-8ffc-498c-bbe4-7a497ef52032, method=GET]
2025-11-07 21:08:07 - vasttams.objects.router:101:delete_object_by_id - WARNING - Dependency violation deleting object 3e75d1bf-8ffc-498c-bbe4-7a497ef52032: Cannot delete object 3e75d1bf-8ffc-498c-bbe4-7a497ef52032: 1 flow references exist. Objects are immutable per TAMS spec.
2025-11-07 21:08:07 - vasttams.main:293:http_exception_handler - WARNING - HTTP Exception: 409 - Cannot delete object 3e75d1bf-8ffc-498c-bbe4-7a497ef52032: 1 flow references exist. Objects are immutable per TAMS spec.
2025-11-07 21:08:07 - vasttams.core.telemetry:258:record_http_metrics - INFO - DELETE /objects/3e75d1bf-8ffc-498c-bbe4-7a497ef52032 - user=admin, duration=2.347s, status=409 [User: username=admin, user_id=d6e84dea-f9a3-439a-a35c-aa7faf4bc1c1, role=admin] [API: endpoint=/objects/3e75d1bf-8ffc-498c-bbe4-7a497ef52032, method=DELETE]
2025-11-07 21:08:14 - vasts3.client:95:__init__ - INFO - S3Client initialized with endpoint: http://docker1:4001, bucket: jthaloor-s3
2025-11-07 21:08:14 - vasts3.client:116:__init__ - INFO - S3Client initialized with bucket: jthaloor-s3, prefix: tams8-dev
2025-11-07 21:08:14 - vasttams.core.telemetry:258:record_http_metrics - INFO - DELETE /flows/1ec148bd-8f66-4434-a0b3-3252d5061f15/segments - user=admin, duration=7.209s, status=200 [User: username=admin, user_id=d6e84dea-f9a3-439a-a35c-aa7faf4bc1c1, role=admin] [API: endpoint=/flows/1ec148bd-8f66-4434-a0b3-3252d5061f15/segments, method=DELETE]
2025-11-07 21:08:15 - vasttams.main:293:http_exception_handler - WARNING - HTTP Exception: 404 - Object not found
2025-11-07 21:08:15 - vasttams.core.telemetry:258:record_http_metrics - INFO - GET /objects/3e75d1bf-8ffc-498c-bbe4-7a497ef52032 - user=admin, duration=1.055s, status=404 [User: username=admin, user_id=d6e84dea-f9a3-439a-a35c-aa7faf4bc1c1, role=admin] [API: endpoint=/objects/3e75d1bf-8ffc-498c-bbe4-7a497ef52032, method=GET]
2025-11-07 21:08:17 - vasttams.core.telemetry:258:record_http_metrics - INFO - DELETE /flows/1ec148bd-8f66-4434-a0b3-3252d5061f15 - user=admin, duration=2.034s, status=200 [User: username=admin, user_id=d6e84dea-f9a3-439a-a35c-aa7faf4bc1c1, role=admin] [API: endpoint=/flows/1ec148bd-8f66-4434-a0b3-3252d5061f15, method=DELETE]
2025-11-07 21:08:19 - vasttams.core.telemetry:258:record_http_metrics - INFO - DELETE /sources/3ca8f4c0-64c0-42d5-9d6a-3c6a6f7e17ef - user=admin, duration=2.040s, status=200 [User: username=admin, user_id=d6e84dea-f9a3-439a-a35c-aa7faf4bc1c1, role=admin] [API: endpoint=/sources/3ca8f4c0-64c0-42d5-9d6a-3c6a6f7e17ef, method=DELETE]
